Command line invocation:
    /Applications/Xcode.app/Contents/Developer/usr/bin/xcodebuild -project bookApp.xcodeproj -scheme bookApp -sdk iphonesimulator -destination "platform=iOS Simulator,name=iPhone 17 Pro" -allowProvisioningUpdates build

Build settings from command line:
    SDKROOT = iphonesimulator26.2

Resolve Package Graph


Resolved source packages:
  AppCheck: https://github.com/google/app-check.git @ 11.2.0
  nanopb: https://github.com/firebase/nanopb.git @ 2.30910.0
  GoogleSignIn: https://github.com/google/GoogleSignIn-iOS @ 9.1.0
  leveldb: https://github.com/firebase/leveldb.git @ 1.22.5
  GoogleDataTransport: https://github.com/google/GoogleDataTransport.git @ 10.1.0
  GTMSessionFetcher: https://github.com/google/gtm-session-fetcher.git @ 3.5.0
  abseil: https://github.com/google/abseil-cpp-binary.git @ 1.2024072200.0
  GTMAppAuth: https://github.com/google/GTMAppAuth.git @ 5.0.0
  gRPC: https://github.com/google/grpc-binary.git @ 1.69.1
  GoogleAppMeasurement: https://github.com/google/GoogleAppMeasurement.git @ 12.11.0
  Promises: https://github.com/google/promises.git @ 2.4.0
  GoogleAdsOnDeviceConversion: https://github.com/googleads/google-ads-on-device-conversion-ios-sdk @ 3.4.0
  GoogleUtilities: https://github.com/google/GoogleUtilities.git @ 8.1.0
  Firebase: https://github.com/firebase/firebase-ios-sdk @ 12.11.0
  InteropForGoogle: https://github.com/google/interop-ios-for-google-sdks.git @ 101.0.0
  AppAuth: https://github.com/openid/AppAuth-iOS.git @ 2.0.0

ComputePackagePrebuildTargetDependencyGraph

Prepare packages

CreateBuildRequest

SendProjectDescription

CreateBuildOperation

ComputeTargetDependencyGraph
note: Building targets in dependency order
note: Target dependency graph (165 targets)
    Target 'bookApp' in project 'bookApp'
        ➜ Explicit dependency on target 'FirebaseFunctions' in project 'Firebase'
        ➜ Explicit dependency on target 'FirebaseAppCheck' in project 'Firebase'
        ➜ Explicit dependency on target 'FirebaseAuth' in project 'Firebase'
        ➜ Explicit dependency on target 'FirebaseStorage' in project 'Firebase'
        ➜ Explicit dependency on target 'FirebaseAILogic' in project 'Firebase'
        ➜ Explicit dependency on target 'FirebaseAnalyticsCore' in project 'Firebase'
        ➜ Explicit dependency on target 'GoogleSignIn' in project 'GoogleSignIn'
        ➜ Explicit dependency on target 'FirebaseMLModelDownloader' in project 'Firebase'
        ➜ Explicit dependency on target 'FirebaseAnalyticsIdentitySupport' in project 'Firebase'
        ➜ Explicit dependency on target 'FirebaseAuthCombine-Community' in project 'Firebase'
        ➜ Explicit dependency on target 'GoogleSignInSwift' in project 'GoogleSignIn'
        ➜ Explicit dependency on target 'FirebaseFirestore' in project 'Firebase'
        ➜ Explicit dependency on target 'FirebaseFirestoreCombine-Community' in project 'Firebase'
        ➜ Explicit dependency on target 'FirebaseInAppMessaging-Beta' in project 'Firebase'
        ➜ Explicit dependency on target 'FirebaseFunctionsCombine-Community' in project 'Firebase'
        ➜ Explicit dependency on target 'FirebaseAnalytics' in project 'Firebase'
        ➜ Explicit dependency on target 'FirebaseStorageCombine-Community' in project 'Firebase'
        ➜ Explicit dependency on target 'FirebaseRemoteConfig' in project 'Firebase'
        ➜ Explicit dependency on target 'FirebaseCrashlytics' in project 'Firebase'
        ➜ Explicit dependency on target 'FirebaseAI' in project 'Firebase'
        ➜ Explicit dependency on target 'FirebasePerformance' in project 'Firebase'
        ➜ Explicit dependency on target 'FirebaseCore' in project 'Firebase'
        ➜ Explicit dependency on target 'FirebaseDatabase' in project 'Firebase'
        ➜ Explicit dependency on target 'FirebaseAppDistribution-Beta' in project 'Firebase'
        ➜ Explicit dependency on target 'FirebaseMessaging' in project 'Firebase'
        ➜ Explicit dependency on target 'FirebaseInstallations' in project 'Firebase'
    Target 'FirebaseInstallations' in project 'Firebase'
        ➜ Explicit dependency on target 'FirebaseInstallations' in project 'Firebase'
        ➜ Explicit dependency on target 'Firebase_FirebaseInstallations' in project 'Firebase'
        ➜ Explicit dependency on target 'Firebase' in project 'Firebase'
        ➜ Explicit dependency on target 'FirebaseCoreInternal' in project 'Firebase'
        ➜ Explicit dependency on target 'FirebaseCore' in project 'Firebase'
        ➜ Explicit dependency on target 'GULNSData' in project 'GoogleUtilities'
        ➜ Explicit dependency on target 'GULEnvironment' in project 'GoogleUtilities'
        ➜ Explicit dependency on target 'GULLogger' in project 'GoogleUtilities'
        ➜ Explicit dependency on target 'FBLPromises' in project 'Promises'
        ➜ Explicit dependency on target 'GULUserDefaults' in project 'GoogleUtilities'
    Target 'FirebaseMessaging' in project 'Firebase'
        ➜ Explicit dependency on target 'FirebaseMessaging' in project 'Firebase'
        ➜ Explicit dependency on target 'Firebase_FirebaseMessaging' in project 'Firebase'
        ➜ Explicit dependency on target 'Firebase' in project 'Firebase'
        ➜ Explicit dependency on target 'FirebaseCoreInternal' in project 'Firebase'
        ➜ Explicit dependency on target 'FirebaseCore' in project 'Firebase'
        ➜ Explicit dependency on target 'FirebaseInstallations' in project 'Firebase'
        ➜ Explicit dependency on target 'GULNSData' in project 'GoogleUtilities'
        ➜ Explicit dependency on target 'GULEnvironment' in project 'GoogleUtilities'
        ➜ Explicit dependency on target 'GULLogger' in project 'GoogleUtilities'
        ➜ Explicit dependency on target 'FBLPromises' in project 'Promises'
        ➜ Explicit dependency on target 'GULUserDefaults' in project 'GoogleUtilities'
        ➜ Explicit dependency on target 'GULAppDelegateSwizzler' in project 'GoogleUtilities'
        ➜ Explicit dependency on target 'GULReachability' in project 'GoogleUtilities'
        ➜ Explicit dependency on target 'GoogleDataTransport' in project 'GoogleDataTransport'
        ➜ Explicit dependency on target 'nanopb' in project 'nanopb'
    Target 'FirebaseMessaging' in project 'Firebase'
        ➜ Explicit dependency on target 'Firebase_FirebaseMessaging' in project 'Firebase'
        ➜ Explicit dependency on target 'Firebase' in project 'Firebase'
        ➜ Explicit dependency on target 'FirebaseCoreInternal' in project 'Firebase'
        ➜ Explicit dependency on target 'FirebaseCore' in project 'Firebase'
        ➜ Explicit dependency on target 'FirebaseInstallations' in project 'Firebase'
        ➜ Explicit dependency on target 'GULNSData' in project 'GoogleUtilities'
        ➜ Explicit dependency on target 'GULEnvironment' in project 'GoogleUtilities'
        ➜ Explicit dependency on target 'GULLogger' in project 'GoogleUtilities'
        ➜ Explicit dependency on target 'FBLPromises' in project 'Promises'
        ➜ Explicit dependency on target 'GULUserDefaults' in project 'GoogleUtilities'
        ➜ Explicit dependency on target 'GULAppDelegateSwizzler' in project 'GoogleUtilities'
        ➜ Explicit dependency on target 'GULReachability' in project 'GoogleUtilities'
        ➜ Explicit dependency on target 'GoogleDataTransport' in project 'GoogleDataTransport'
        ➜ Explicit dependency on target 'nanopb' in project 'nanopb'
    Target 'GULReachability' in project 'GoogleUtilities'
        ➜ Explicit dependency on target 'GoogleUtilities-Reachability' in project 'GoogleUtilities'
        ➜ Explicit dependency on target 'GoogleUtilities_GoogleUtilities-Reachability' in project 'GoogleUtilities'
        ➜ Explicit dependency on target 'third-party-IsAppEncrypted' in project 'GoogleUtilities'
        ➜ Explicit dependency on target 'GoogleUtilities-Environment' in project 'GoogleUtilities'
        ➜ Explicit dependency on target 'GoogleUtilities-Logger' in project 'GoogleUtilities'
    Target 'Firebase_FirebaseMessaging' in project 'Firebase' (no dependencies)
    Target 'FirebaseAppDistribution-Beta' in project 'Firebase'
        ➜ Explicit dependency on target 'FirebaseAppDistributionTarget' in project 'Firebase'
        ➜ Explicit dependency on target 'Firebase' in project 'Firebase'
        ➜ Explicit dependency on target 'FirebaseCoreInternal' in project 'Firebase'
        ➜ Explicit dependency on target 'FirebaseCore' in project 'Firebase'
        ➜ Explicit dependency on target 'FirebaseInstallations' in project 'Firebase'
        ➜ Explicit dependency on target 'FirebaseAppDistribution' in project 'Firebase'
        ➜ Explicit dependency on target 'GULNSData' in project 'GoogleUtilities'
        ➜ Explicit dependency on target 'GULEnvironment' in project 'GoogleUtilities'
        ➜ Explicit dependency on target 'GULLogger' in project 'GoogleUtilities'
        ➜ Explicit dependency on target 'FBLPromises' in project 'Promises'
        ➜ Explicit dependency on target 'GULUserDefaults' in project 'GoogleUtilities'
        ➜ Explicit dependency on target 'GULAppDelegateSwizzler' in project 'GoogleUtilities'
    Target 'FirebaseAppDistributionTarget' in project 'Firebase'
        ➜ Explicit dependency on target 'Firebase' in project 'Firebase'
        ➜ Explicit dependency on target 'FirebaseCoreInternal' in project 'Firebase'
        ➜ Explicit dependency on target 'FirebaseCore' in project 'Firebase'
        ➜ Explicit dependency on target 'FirebaseInstallations' in project 'Firebase'
        ➜ Explicit dependency on target 'FirebaseAppDistribution' in project 'Firebase'
        ➜ Explicit dependency on target 'GULNSData' in project 'GoogleUtilities'
        ➜ Explicit dependency on target 'GULEnvironment' in project 'GoogleUtilities'
        ➜ Explicit dependency on target 'GULLogger' in project 'GoogleUtilities'
        ➜ Explicit dependency on target 'FBLPromises' in project 'Promises'
        ➜ Explicit dependency on target 'GULUserDefaults' in project 'GoogleUtilities'
        ➜ Explicit dependency on target 'GULAppDelegateSwizzler' in project 'GoogleUtilities'
    Target 'FirebaseAppDistribution' in project 'Firebase'
        ➜ Explicit dependency on target 'Firebase' in project 'Firebase'
        ➜ Explicit dependency on target 'FirebaseCoreInternal' in project 'Firebase'
        ➜ Explicit dependency on target 'FirebaseCore' in project 'Firebase'
        ➜ Explicit dependency on target 'FirebaseInstallations' in project 'Firebase'
        ➜ Explicit dependency on target 'GULNSData' in project 'GoogleUtilities'
        ➜ Explicit dependency on target 'GULEnvironment' in project 'GoogleUtilities'
        ➜ Explicit dependency on target 'GULLogger' in project 'GoogleUtilities'
        ➜ Explicit dependency on target 'FBLPromises' in project 'Promises'
        ➜ Explicit dependency on target 'GULUserDefaults' in project 'GoogleUtilities'
        ➜ Explicit dependency on target 'GULAppDelegateSwizzler' in project 'GoogleUtilities'
    Target 'FirebaseDatabase' in project 'Firebase'
        ➜ Explicit dependency on target 'FirebaseDatabase' in project 'Firebase'
        ➜ Explicit dependency on target 'FirebaseAppCheckInterop' in project 'Firebase'
        ➜ Explicit dependency on target 'Firebase' in project 'Firebase'
        ➜ Explicit dependency on target 'FirebaseCoreInternal' in project 'Firebase'
        ➜ Explicit dependency on target 'FirebaseCore' in project 'Firebase'
        ➜ Explicit dependency on target 'FirebaseDatabaseInternal' in project 'Firebase'
        ➜ Explicit dependency on target 'FirebaseSharedSwift' in project 'Firebase'
        ➜ Explicit dependency on target 'GULNSData' in project 'GoogleUtilities'
        ➜ Explicit dependency on target 'GULEnvironment' in project 'GoogleUtilities'
        ➜ Explicit dependency on target 'GULLogger' in project 'GoogleUtilities'
        ➜ Explicit dependency on target 'leveldb' in project 'leveldb'
        ➜ Explicit dependency on target 'GULUserDefaults' in project 'GoogleUtilities'
    Target 'FirebaseDatabase' in project 'Firebase'
        ➜ Explicit dependency on target 'FirebaseAppCheckInterop' in project 'Firebase'
        ➜ Explicit dependency on target 'Firebase' in project 'Firebase'
        ➜ Explicit dependency on target 'FirebaseCoreInternal' in project 'Firebase'
        ➜ Explicit dependency on target 'FirebaseCore' in project 'Firebase'
        ➜ Explicit dependency on target 'FirebaseDatabaseInternal' in project 'Firebase'
        ➜ Explicit dependency on target 'FirebaseSharedSwift' in project 'Firebase'
        ➜ Explicit dependency on target 'GULNSData' in project 'GoogleUtilities'
        ➜ Explicit dependency on target 'GULEnvironment' in project 'GoogleUtilities'
        ➜ Explicit dependency on target 'GULLogger' in project 'GoogleUtilities'
        ➜ Explicit dependency on target 'leveldb' in project 'leveldb'
        ➜ Explicit dependency on target 'GULUserDefaults' in project 'GoogleUtilities'
    Target 'FirebaseDatabaseInternal' in project 'Firebase'
        ➜ Explicit dependency on target 'FirebaseAppCheckInterop' in project 'Firebase'
        ➜ Explicit dependency on target 'Firebase' in project 'Firebase'
        ➜ Explicit dependency on target 'FirebaseCoreInternal' in project 'Firebase'
        ➜ Explicit dependency on target 'FirebaseCore' in project 'Firebase'
        ➜ Explicit dependency on target 'GULNSData' in project 'GoogleUtilities'
        ➜ Explicit dependency on target 'GULEnvironment' in project 'GoogleUtilities'
        ➜ Explicit dependency on target 'GULLogger' in project 'GoogleUtilities'
        ➜ Explicit dependency on target 'leveldb' in project 'leveldb'
        ➜ Explicit dependency on target 'GULUserDefaults' in project 'GoogleUtilities'
    Target 'FirebaseCore' in project 'Firebase'
        ➜ Explicit dependency on target 'FirebaseCore' in project 'Firebase'
        ➜ Explicit dependency on target 'Firebase_FirebaseCore' in project 'Firebase'
        ➜ Explicit dependency on target 'Firebase' in project 'Firebase'
        ➜ Explicit dependency on target 'FirebaseCoreInternal' in project 'Firebase'
        ➜ Explicit dependency on target 'GULNSData' in project 'GoogleUtilities'
        ➜ Explicit dependency on target 'GULEnvironment' in project 'GoogleUtilities'
        ➜ Explicit dependency on target 'GULLogger' in project 'GoogleUtilities'
    Target 'FirebasePerformance' in project 'Firebase'
        ➜ Explicit dependency on target 'FirebasePerformanceTarget' in project 'Firebase'
        ➜ Explicit dependency on target 'Firebase' in project 'Firebase'
        ➜ Explicit dependency on target 'FirebaseCoreInternal' in project 'Firebase'
        ➜ Explicit dependency on target 'FirebaseCore' in project 'Firebase'
        ➜ Explicit dependency on target 'FirebaseInstallations' in project 'Firebase'
        ➜ Explicit dependency on target 'FirebaseABTesting' in project 'Firebase'
        ➜ Explicit dependency on target 'FirebaseRemoteConfigInterop' in project 'Firebase'
        ➜ Explicit dependency on target 'FirebaseRemoteConfigInternal' in project 'Firebase'
        ➜ Explicit dependency on target 'FirebaseCoreExtension' in project 'Firebase'
        ➜ Explicit dependency on target 'FirebaseSessionsObjC' in project 'Firebase'
        ➜ Explicit dependency on target 'FirebaseSessions' in project 'Firebase'
        ➜ Explicit dependency on target 'FirebasePerformance' in project 'Firebase'
        ➜ Explicit dependency on target 'GULNSData' in project 'GoogleUtilities'
        ➜ Explicit dependency on target 'GULEnvironment' in project 'GoogleUtilities'
        ➜ Explicit dependency on target 'GULLogger' in project 'GoogleUtilities'
        ➜ Explicit dependency on target 'FBLPromises' in project 'Promises'
        ➜ Explicit dependency on target 'GULUserDefaults' in project 'GoogleUtilities'
        ➜ Explicit dependency on target 'nanopb' in project 'nanopb'
        ➜ Explicit dependency on target 'Promises' in project 'Promises'
        ➜ Explicit dependency on target 'GoogleDataTransport' in project 'GoogleDataTransport'
        ➜ Explicit dependency on target 'GULMethodSwizzler' in project 'GoogleUtilities'
    Target 'FirebasePerformanceTarget' in project 'Firebase'
        ➜ Explicit dependency on target 'Firebase' in project 'Firebase'
        ➜ Explicit dependency on target 'FirebaseCoreInternal' in project 'Firebase'
        ➜ Explicit dependency on target 'FirebaseCore' in project 'Firebase'
        ➜ Explicit dependency on target 'FirebaseInstallations' in project 'Firebase'
        ➜ Explicit dependency on target 'FirebaseABTesting' in project 'Firebase'
        ➜ Explicit dependency on target 'FirebaseRemoteConfigInterop' in project 'Firebase'
        ➜ Explicit dependency on target 'FirebaseRemoteConfigInternal' in project 'Firebase'
        ➜ Explicit dependency on target 'FirebaseCoreExtension' in project 'Firebase'
        ➜ Explicit dependency on target 'FirebaseSessionsObjC' in project 'Firebase'
        ➜ Explicit dependency on target 'FirebaseSessions' in project 'Firebase'
        ➜ Explicit dependency on target 'FirebasePerformance' in project 'Firebase'
        ➜ Explicit dependency on target 'GULNSData' in project 'GoogleUtilities'
        ➜ Explicit dependency on target 'GULEnvironment' in project 'GoogleUtilities'
        ➜ Explicit dependency on target 'GULLogger' in project 'GoogleUtilities'
        ➜ Explicit dependency on target 'FBLPromises' in project 'Promises'
        ➜ Explicit dependency on target 'GULUserDefaults' in project 'GoogleUtilities'
        ➜ Explicit dependency on target 'nanopb' in project 'nanopb'
        ➜ Explicit dependency on target 'Promises' in project 'Promises'
        ➜ Explicit dependency on target 'GoogleDataTransport' in project 'GoogleDataTransport'
        ➜ Explicit dependency on target 'GULMethodSwizzler' in project 'GoogleUtilities'
    Target 'FirebasePerformance' in project 'Firebase'
        ➜ Explicit dependency on target 'Firebase' in project 'Firebase'
        ➜ Explicit dependency on target 'FirebaseCoreInternal' in project 'Firebase'
        ➜ Explicit dependency on target 'FirebaseCore' in project 'Firebase'
        ➜ Explicit dependency on target 'FirebaseInstallations' in project 'Firebase'
        ➜ Explicit dependency on target 'FirebaseABTesting' in project 'Firebase'
        ➜ Explicit dependency on target 'FirebaseRemoteConfigInterop' in project 'Firebase'
        ➜ Explicit dependency on target 'FirebaseRemoteConfigInternal' in project 'Firebase'
        ➜ Explicit dependency on target 'FirebaseCoreExtension' in project 'Firebase'
        ➜ Explicit dependency on target 'FirebaseSessionsObjC' in project 'Firebase'
        ➜ Explicit dependency on target 'FirebaseSessions' in project 'Firebase'
        ➜ Explicit dependency on target 'GULNSData' in project 'GoogleUtilities'
        ➜ Explicit dependency on target 'GULEnvironment' in project 'GoogleUtilities'
        ➜ Explicit dependency on target 'GULLogger' in project 'GoogleUtilities'
        ➜ Explicit dependency on target 'FBLPromises' in project 'Promises'
        ➜ Explicit dependency on target 'GULUserDefaults' in project 'GoogleUtilities'
        ➜ Explicit dependency on target 'nanopb' in project 'nanopb'
        ➜ Explicit dependency on target 'Promises' in project 'Promises'
        ➜ Explicit dependency on target 'GoogleDataTransport' in project 'GoogleDataTransport'
        ➜ Explicit dependency on target 'GULMethodSwizzler' in project 'GoogleUtilities'
    Target 'FirebaseAI' in project 'Firebase'
        ➜ Explicit dependency on target 'FirebaseAI' in project 'Firebase'
        ➜ Explicit dependency on target 'FirebaseAILogic' in project 'Firebase'
        ➜ Explicit dependency on target 'FirebaseAppCheckInterop' in project 'Firebase'
        ➜ Explicit dependency on target 'FirebaseAuthInterop' in project 'Firebase'
        ➜ Explicit dependency on target 'Firebase' in project 'Firebase'
        ➜ Explicit dependency on target 'FirebaseCoreInternal' in project 'Firebase'
        ➜ Explicit dependency on target 'FirebaseCore' in project 'Firebase'
        ➜ Explicit dependency on target 'FirebaseCoreExtension' in project 'Firebase'
        ➜ Explicit dependency on target 'GULNSData' in project 'GoogleUtilities'
        ➜ Explicit dependency on target 'GULEnvironment' in project 'GoogleUtilities'
        ➜ Explicit dependency on target 'GULLogger' in project 'GoogleUtilities'
    Target 'FirebaseAI' in project 'Firebase'
        ➜ Explicit dependency on target 'FirebaseAppCheckInterop' in project 'Firebase'
        ➜ Explicit dependency on target 'FirebaseAuthInterop' in project 'Firebase'
        ➜ Explicit dependency on target 'Firebase' in project 'Firebase'
        ➜ Explicit dependency on target 'FirebaseCoreInternal' in project 'Firebase'
        ➜ Explicit dependency on target 'FirebaseCore' in project 'Firebase'
        ➜ Explicit dependency on target 'FirebaseCoreExtension' in project 'Firebase'
        ➜ Explicit dependency on target 'FirebaseAILogic' in project 'Firebase'
        ➜ Explicit dependency on target 'GULNSData' in project 'GoogleUtilities'
        ➜ Explicit dependency on target 'GULEnvironment' in project 'GoogleUtilities'
        ➜ Explicit dependency on target 'GULLogger' in project 'GoogleUtilities'
    Target 'FirebaseCrashlytics' in project 'Firebase'
        ➜ Explicit dependency on target 'FirebaseCrashlytics' in project 'Firebase'
        ➜ Explicit dependency on target 'Firebase_FirebaseCrashlytics' in project 'Firebase'
        ➜ Explicit dependency on target 'Firebase' in project 'Firebase'
        ➜ Explicit dependency on target 'FirebaseCoreInternal' in project 'Firebase'
        ➜ Explicit dependency on target 'FirebaseCore' in project 'Firebase'
        ➜ Explicit dependency on target 'FirebaseInstallations' in project 'Firebase'
        ➜ Explicit dependency on target 'FirebaseCoreExtension' in project 'Firebase'
        ➜ Explicit dependency on target 'FirebaseSessionsObjC' in project 'Firebase'
        ➜ Explicit dependency on target 'FirebaseSessions' in project 'Firebase'
        ➜ Explicit dependency on target 'FirebaseRemoteConfigInterop' in project 'Firebase'
        ➜ Explicit dependency on target 'FirebaseCrashlyticsSwift' in project 'Firebase'
        ➜ Explicit dependency on target 'GULNSData' in project 'GoogleUtilities'
        ➜ Explicit dependency on target 'GULEnvironment' in project 'GoogleUtilities'
        ➜ Explicit dependency on target 'GULLogger' in project 'GoogleUtilities'
        ➜ Explicit dependency on target 'FBLPromises' in project 'Promises'
        ➜ Explicit dependency on target 'GULUserDefaults' in project 'GoogleUtilities'
        ➜ Explicit dependency on target 'nanopb' in project 'nanopb'
        ➜ Explicit dependency on target 'Promises' in project 'Promises'
        ➜ Explicit dependency on target 'GoogleDataTransport' in project 'GoogleDataTransport'
    Target 'FirebaseCrashlytics' in project 'Firebase'
        ➜ Explicit dependency on target 'Firebase_FirebaseCrashlytics' in project 'Firebase'
        ➜ Explicit dependency on target 'Firebase' in project 'Firebase'
        ➜ Explicit dependency on target 'FirebaseCoreInternal' in project 'Firebase'
        ➜ Explicit dependency on target 'FirebaseCore' in project 'Firebase'
        ➜ Explicit dependency on target 'FirebaseInstallations' in project 'Firebase'
        ➜ Explicit dependency on target 'FirebaseCoreExtension' in project 'Firebase'
        ➜ Explicit dependency on target 'FirebaseSessionsObjC' in project 'Firebase'
        ➜ Explicit dependency on target 'FirebaseSessions' in project 'Firebase'
        ➜ Explicit dependency on target 'FirebaseRemoteConfigInterop' in project 'Firebase'
        ➜ Explicit dependency on target 'FirebaseCrashlyticsSwift' in project 'Firebase'
        ➜ Explicit dependency on target 'GULNSData' in project 'GoogleUtilities'
        ➜ Explicit dependency on target 'GULEnvironment' in project 'GoogleUtilities'
        ➜ Explicit dependency on target 'GULLogger' in project 'GoogleUtilities'
        ➜ Explicit dependency on target 'FBLPromises' in project 'Promises'
        ➜ Explicit dependency on target 'GULUserDefaults' in project 'GoogleUtilities'
        ➜ Explicit dependency on target 'nanopb' in project 'nanopb'
        ➜ Explicit dependency on target 'Promises' in project 'Promises'
        ➜ Explicit dependency on target 'GoogleDataTransport' in project 'GoogleDataTransport'
    Target 'FirebaseCrashlyticsSwift' in project 'Firebase'
        ➜ Explicit dependency on target 'Firebase_FirebaseCrashlyticsSwift' in project 'Firebase'
        ➜ Explicit dependency on target 'FirebaseRemoteConfigInterop' in project 'Firebase'
    Target 'Firebase_FirebaseCrashlyticsSwift' in project 'Firebase' (no dependencies)
    Target 'FirebaseSessions' in project 'Firebase'
        ➜ Explicit dependency on target 'Firebase' in project 'Firebase'
        ➜ Explicit dependency on target 'FirebaseCoreInternal' in project 'Firebase'
        ➜ Explicit dependency on target 'FirebaseCore' in project 'Firebase'
        ➜ Explicit dependency on target 'FirebaseInstallations' in project 'Firebase'
        ➜ Explicit dependency on target 'FirebaseCoreExtension' in project 'Firebase'
        ➜ Explicit dependency on target 'FirebaseSessionsObjC' in project 'Firebase'
        ➜ Explicit dependency on target 'GULNSData' in project 'GoogleUtilities'
        ➜ Explicit dependency on target 'GULEnvironment' in project 'GoogleUtilities'
        ➜ Explicit dependency on target 'GULLogger' in project 'GoogleUtilities'
        ➜ Explicit dependency on target 'FBLPromises' in project 'Promises'
        ➜ Explicit dependency on target 'GULUserDefaults' in project 'GoogleUtilities'
        ➜ Explicit dependency on target 'nanopb' in project 'nanopb'
        ➜ Explicit dependency on target 'Promises' in project 'Promises'
        ➜ Explicit dependency on target 'GoogleDataTransport' in project 'GoogleDataTransport'
    Target 'GoogleDataTransport' in project 'GoogleDataTransport'
        ➜ Explicit dependency on target 'GoogleDataTransport' in project 'GoogleDataTransport'
        ➜ Explicit dependency on target 'GoogleDataTransport_GoogleDataTransport' in project 'GoogleDataTransport'
        ➜ Explicit dependency on target 'nanopb' in project 'nanopb'
        ➜ Explicit dependency on target 'FBLPromises' in project 'Promises'
    Target 'GoogleDataTransport' in project 'GoogleDataTransport'
        ➜ Explicit dependency on target 'GoogleDataTransport_GoogleDataTransport' in project 'GoogleDataTransport'
        ➜ Explicit dependency on target 'nanopb' in project 'nanopb'
        ➜ Explicit dependency on target 'FBLPromises' in project 'Promises'
    Target 'GoogleDataTransport_GoogleDataTransport' in project 'GoogleDataTransport' (no dependencies)
    Target 'Promises' in project 'Promises'
        ➜ Explicit dependency on target 'Promises' in project 'Promises'
        ➜ Explicit dependency on target 'Promises_Promises' in project 'Promises'
        ➜ Explicit dependency on target 'FBLPromises' in project 'Promises'
    Target 'Promises' in project 'Promises'
        ➜ Explicit dependency on target 'Promises_Promises' in project 'Promises'
        ➜ Explicit dependency on target 'FBLPromises' in project 'Promises'
    Target 'Promises_Promises' in project 'Promises' (no dependencies)
    Target 'FirebaseSessionsObjC' in project 'Firebase'
        ➜ Explicit dependency on target 'Firebase' in project 'Firebase'
        ➜ Explicit dependency on target 'FirebaseCoreInternal' in project 'Firebase'
        ➜ Explicit dependency on target 'FirebaseCore' in project 'Firebase'
        ➜ Explicit dependency on target 'FirebaseCoreExtension' in project 'Firebase'
        ➜ Explicit dependency on target 'GULNSData' in project 'GoogleUtilities'
        ➜ Explicit dependency on target 'GULEnvironment' in project 'GoogleUtilities'
        ➜ Explicit dependency on target 'GULLogger' in project 'GoogleUtilities'
        ➜ Explicit dependency on target 'nanopb' in project 'nanopb'
    Target 'Firebase_FirebaseCrashlytics' in project 'Firebase' (no dependencies)
    Target 'FirebaseRemoteConfig' in project 'Firebase'
        ➜ Explicit dependency on target 'FirebaseRemoteConfig' in project 'Firebase'
        ➜ Explicit dependency on target 'Firebase_FirebaseRemoteConfig' in project 'Firebase'
        ➜ Explicit dependency on target 'Firebase' in project 'Firebase'
        ➜ Explicit dependency on target 'FirebaseCoreInternal' in project 'Firebase'
        ➜ Explicit dependency on target 'FirebaseCore' in project 'Firebase'
        ➜ Explicit dependency on target 'FirebaseABTesting' in project 'Firebase'
        ➜ Explicit dependency on target 'FirebaseInstallations' in project 'Firebase'
        ➜ Explicit dependency on target 'FirebaseRemoteConfigInterop' in project 'Firebase'
        ➜ Explicit dependency on target 'FirebaseRemoteConfigInternal' in project 'Firebase'
        ➜ Explicit dependency on target 'FirebaseSharedSwift' in project 'Firebase'
        ➜ Explicit dependency on target 'GULNSData' in project 'GoogleUtilities'
        ➜ Explicit dependency on target 'GULEnvironment' in project 'GoogleUtilities'
        ➜ Explicit dependency on target 'GULLogger' in project 'GoogleUtilities'
        ➜ Explicit dependency on target 'FBLPromises' in project 'Promises'
        ➜ Explicit dependency on target 'GULUserDefaults' in project 'GoogleUtilities'
    Target 'FirebaseRemoteConfig' in project 'Firebase'
        ➜ Explicit dependency on target 'Firebase_FirebaseRemoteConfig' in project 'Firebase'
        ➜ Explicit dependency on target 'Firebase' in project 'Firebase'
        ➜ Explicit dependency on target 'FirebaseCoreInternal' in project 'Firebase'
        ➜ Explicit dependency on target 'FirebaseCore' in project 'Firebase'
        ➜ Explicit dependency on target 'FirebaseABTesting' in project 'Firebase'
        ➜ Explicit dependency on target 'FirebaseInstallations' in project 'Firebase'
        ➜ Explicit dependency on target 'FirebaseRemoteConfigInterop' in project 'Firebase'
        ➜ Explicit dependency on target 'FirebaseRemoteConfigInternal' in project 'Firebase'
        ➜ Explicit dependency on target 'FirebaseSharedSwift' in project 'Firebase'
        ➜ Explicit dependency on target 'GULNSData' in project 'GoogleUtilities'
        ➜ Explicit dependency on target 'GULEnvironment' in project 'GoogleUtilities'
        ➜ Explicit dependency on target 'GULLogger' in project 'GoogleUtilities'
        ➜ Explicit dependency on target 'FBLPromises' in project 'Promises'
        ➜ Explicit dependency on target 'GULUserDefaults' in project 'GoogleUtilities'
    Target 'FirebaseRemoteConfigInternal' in project 'Firebase'
        ➜ Explicit dependency on target 'Firebase' in project 'Firebase'
        ➜ Explicit dependency on target 'FirebaseCoreInternal' in project 'Firebase'
        ➜ Explicit dependency on target 'FirebaseCore' in project 'Firebase'
        ➜ Explicit dependency on target 'FirebaseABTesting' in project 'Firebase'
        ➜ Explicit dependency on target 'FirebaseInstallations' in project 'Firebase'
        ➜ Explicit dependency on target 'FirebaseRemoteConfigInterop' in project 'Firebase'
        ➜ Explicit dependency on target 'GULNSData' in project 'GoogleUtilities'
        ➜ Explicit dependency on target 'GULEnvironment' in project 'GoogleUtilities'
        ➜ Explicit dependency on target 'GULLogger' in project 'GoogleUtilities'
        ➜ Explicit dependency on target 'FBLPromises' in project 'Promises'
        ➜ Explicit dependency on target 'GULUserDefaults' in project 'GoogleUtilities'
    Target 'FirebaseRemoteConfigInterop' in project 'Firebase' (no dependencies)
    Target 'Firebase_FirebaseRemoteConfig' in project 'Firebase' (no dependencies)
    Target 'FirebaseStorageCombine-Community' in project 'Firebase'
        ➜ Explicit dependency on target 'FirebaseStorageCombineSwift' in project 'Firebase'
        ➜ Explicit dependency on target 'FirebaseAppCheckInterop' in project 'Firebase'
        ➜ Explicit dependency on target 'FirebaseAuthInterop' in project 'Firebase'
        ➜ Explicit dependency on target 'Firebase' in project 'Firebase'
        ➜ Explicit dependency on target 'FirebaseCoreInternal' in project 'Firebase'
        ➜ Explicit dependency on target 'FirebaseCore' in project 'Firebase'
        ➜ Explicit dependency on target 'FirebaseCoreExtension' in project 'Firebase'
        ➜ Explicit dependency on target 'FirebaseStorage' in project 'Firebase'
        ➜ Explicit dependency on target 'GULNSData' in project 'GoogleUtilities'
        ➜ Explicit dependency on target 'GULEnvironment' in project 'GoogleUtilities'
        ➜ Explicit dependency on target 'GULLogger' in project 'GoogleUtilities'
        ➜ Explicit dependency on target 'GTMSessionFetcherCore' in project 'GTMSessionFetcher'
    Target 'FirebaseStorageCombineSwift' in project 'Firebase'
        ➜ Explicit dependency on target 'FirebaseAppCheckInterop' in project 'Firebase'
        ➜ Explicit dependency on target 'FirebaseAuthInterop' in project 'Firebase'
        ➜ Explicit dependency on target 'Firebase' in project 'Firebase'
        ➜ Explicit dependency on target 'FirebaseCoreInternal' in project 'Firebase'
        ➜ Explicit dependency on target 'FirebaseCore' in project 'Firebase'
        ➜ Explicit dependency on target 'FirebaseCoreExtension' in project 'Firebase'
        ➜ Explicit dependency on target 'FirebaseStorage' in project 'Firebase'
        ➜ Explicit dependency on target 'GULNSData' in project 'GoogleUtilities'
        ➜ Explicit dependency on target 'GULEnvironment' in project 'GoogleUtilities'
        ➜ Explicit dependency on target 'GULLogger' in project 'GoogleUtilities'
        ➜ Explicit dependency on target 'GTMSessionFetcherCore' in project 'GTMSessionFetcher'
    Target 'FirebaseAnalytics' in project 'Firebase'
        ➜ Explicit dependency on target 'FirebaseAnalyticsTarget' in project 'Firebase'
        ➜ Explicit dependency on target 'Firebase' in project 'Firebase'
        ➜ Explicit dependency on target 'FirebaseCoreInternal' in project 'Firebase'
        ➜ Explicit dependency on target 'FirebaseCore' in project 'Firebase'
        ➜ Explicit dependency on target 'FirebaseInstallations' in project 'Firebase'
        ➜ Explicit dependency on target 'FirebaseAnalyticsWrapper' in project 'Firebase'
        ➜ Explicit dependency on target 'GULNSData' in project 'GoogleUtilities'
        ➜ Explicit dependency on target 'GULEnvironment' in project 'GoogleUtilities'
        ➜ Explicit dependency on target 'GULLogger' in project 'GoogleUtilities'
        ➜ Explicit dependency on target 'FBLPromises' in project 'Promises'
        ➜ Explicit dependency on target 'GULUserDefaults' in project 'GoogleUtilities'
        ➜ Explicit dependency on target 'GoogleAppMeasurement' in project 'GoogleAppMeasurement'
        ➜ Explicit dependency on target 'GULAppDelegateSwizzler' in project 'GoogleUtilities'
        ➜ Explicit dependency on target 'GULMethodSwizzler' in project 'GoogleUtilities'
        ➜ Explicit dependency on target 'GULNetwork' in project 'GoogleUtilities'
        ➜ Explicit dependency on target 'nanopb' in project 'nanopb'
    Target 'FirebaseAnalyticsTarget' in project 'Firebase'
        ➜ Explicit dependency on target 'Firebase' in project 'Firebase'
        ➜ Explicit dependency on target 'FirebaseCoreInternal' in project 'Firebase'
        ➜ Explicit dependency on target 'FirebaseCore' in project 'Firebase'
        ➜ Explicit dependency on target 'FirebaseInstallations' in project 'Firebase'
        ➜ Explicit dependency on target 'FirebaseAnalyticsWrapper' in project 'Firebase'
        ➜ Explicit dependency on target 'GULNSData' in project 'GoogleUtilities'
        ➜ Explicit dependency on target 'GULEnvironment' in project 'GoogleUtilities'
        ➜ Explicit dependency on target 'GULLogger' in project 'GoogleUtilities'
        ➜ Explicit dependency on target 'FBLPromises' in project 'Promises'
        ➜ Explicit dependency on target 'GULUserDefaults' in project 'GoogleUtilities'
        ➜ Explicit dependency on target 'GoogleAppMeasurement' in project 'GoogleAppMeasurement'
        ➜ Explicit dependency on target 'GULAppDelegateSwizzler' in project 'GoogleUtilities'
        ➜ Explicit dependency on target 'GULMethodSwizzler' in project 'GoogleUtilities'
        ➜ Explicit dependency on target 'GULNetwork' in project 'GoogleUtilities'
        ➜ Explicit dependency on target 'nanopb' in project 'nanopb'
    Target 'FirebaseAnalyticsWrapper' in project 'Firebase'
        ➜ Explicit dependency on target 'Firebase' in project 'Firebase'
        ➜ Explicit dependency on target 'FirebaseCoreInternal' in project 'Firebase'
        ➜ Explicit dependency on target 'FirebaseCore' in project 'Firebase'
        ➜ Explicit dependency on target 'FirebaseInstallations' in project 'Firebase'
        ➜ Explicit dependency on target 'GULNSData' in project 'GoogleUtilities'
        ➜ Explicit dependency on target 'GULEnvironment' in project 'GoogleUtilities'
        ➜ Explicit dependency on target 'GULLogger' in project 'GoogleUtilities'
        ➜ Explicit dependency on target 'FBLPromises' in project 'Promises'
        ➜ Explicit dependency on target 'GULUserDefaults' in project 'GoogleUtilities'
        ➜ Explicit dependency on target 'GoogleAppMeasurement' in project 'GoogleAppMeasurement'
        ➜ Explicit dependency on target 'GULAppDelegateSwizzler' in project 'GoogleUtilities'
        ➜ Explicit dependency on target 'GULMethodSwizzler' in project 'GoogleUtilities'
        ➜ Explicit dependency on target 'GULNetwork' in project 'GoogleUtilities'
        ➜ Explicit dependency on target 'nanopb' in project 'nanopb'
    Target 'GoogleAppMeasurement' in project 'GoogleAppMeasurement'
        ➜ Explicit dependency on target 'GoogleAppMeasurementTarget' in project 'GoogleAppMeasurement'
        ➜ Explicit dependency on target 'GULAppDelegateSwizzler' in project 'GoogleUtilities'
        ➜ Explicit dependency on target 'GULMethodSwizzler' in project 'GoogleUtilities'
        ➜ Explicit dependency on target 'GULNSData' in project 'GoogleUtilities'
        ➜ Explicit dependency on target 'GULNetwork' in project 'GoogleUtilities'
        ➜ Explicit dependency on target 'GULLogger' in project 'GoogleUtilities'
        ➜ Explicit dependency on target 'GULEnvironment' in project 'GoogleUtilities'
        ➜ Explicit dependency on target 'nanopb' in project 'nanopb'
        ➜ Explicit dependency on target 'GoogleAdsOnDeviceConversion' in project 'GoogleAdsOnDeviceConversion'
    Target 'GoogleAppMeasurementTarget' in project 'GoogleAppMeasurement'
        ➜ Explicit dependency on target 'GULAppDelegateSwizzler' in project 'GoogleUtilities'
        ➜ Explicit dependency on target 'GULMethodSwizzler' in project 'GoogleUtilities'
        ➜ Explicit dependency on target 'GULNSData' in project 'GoogleUtilities'
        ➜ Explicit dependency on target 'GULNetwork' in project 'GoogleUtilities'
        ➜ Explicit dependency on target 'GULLogger' in project 'GoogleUtilities'
        ➜ Explicit dependency on target 'GULEnvironment' in project 'GoogleUtilities'
        ➜ Explicit dependency on target 'nanopb' in project 'nanopb'
        ➜ Explicit dependency on target 'GoogleAdsOnDeviceConversion' in project 'GoogleAdsOnDeviceConversion'
    Target 'GoogleAdsOnDeviceConversion' in project 'GoogleAdsOnDeviceConversion'
        ➜ Explicit dependency on target 'GoogleAdsOnDeviceConversionTarget' in project 'GoogleAdsOnDeviceConversion'
        ➜ Explicit dependency on target 'GULEnvironment' in project 'GoogleUtilities'
        ➜ Explicit dependency on target 'GULLogger' in project 'GoogleUtilities'
        ➜ Explicit dependency on target 'GULNetwork' in project 'GoogleUtilities'
        ➜ Explicit dependency on target 'nanopb' in project 'nanopb'
    Target 'GoogleAdsOnDeviceConversionTarget' in project 'GoogleAdsOnDeviceConversion'
        ➜ Explicit dependency on target 'GULEnvironment' in project 'GoogleUtilities'
        ➜ Explicit dependency on target 'GULLogger' in project 'GoogleUtilities'
        ➜ Explicit dependency on target 'GULNetwork' in project 'GoogleUtilities'
        ➜ Explicit dependency on target 'nanopb' in project 'nanopb'
    Target 'FirebaseFunctionsCombine-Community' in project 'Firebase'
        ➜ Explicit dependency on target 'FirebaseFunctionsCombineSwift' in project 'Firebase'
        ➜ Explicit dependency on target 'FirebaseAppCheckInterop' in project 'Firebase'
        ➜ Explicit dependency on target 'FirebaseAuthInterop' in project 'Firebase'
        ➜ Explicit dependency on target 'Firebase' in project 'Firebase'
        ➜ Explicit dependency on target 'FirebaseCoreInternal' in project 'Firebase'
        ➜ Explicit dependency on target 'FirebaseCore' in project 'Firebase'
        ➜ Explicit dependency on target 'FirebaseCoreExtension' in project 'Firebase'
        ➜ Explicit dependency on target 'FirebaseMessagingInterop' in project 'Firebase'
        ➜ Explicit dependency on target 'FirebaseSharedSwift' in project 'Firebase'
        ➜ Explicit dependency on target 'FirebaseFunctions' in project 'Firebase'
        ➜ Explicit dependency on target 'GULNSData' in project 'GoogleUtilities'
        ➜ Explicit dependency on target 'GULEnvironment' in project 'GoogleUtilities'
        ➜ Explicit dependency on target 'GULLogger' in project 'GoogleUtilities'
        ➜ Explicit dependency on target 'GTMSessionFetcherCore' in project 'GTMSessionFetcher'
    Target 'FirebaseFunctionsCombineSwift' in project 'Firebase'
        ➜ Explicit dependency on target 'FirebaseAppCheckInterop' in project 'Firebase'
        ➜ Explicit dependency on target 'FirebaseAuthInterop' in project 'Firebase'
        ➜ Explicit dependency on target 'Firebase' in project 'Firebase'
        ➜ Explicit dependency on target 'FirebaseCoreInternal' in project 'Firebase'
        ➜ Explicit dependency on target 'FirebaseCore' in project 'Firebase'
        ➜ Explicit dependency on target 'FirebaseCoreExtension' in project 'Firebase'
        ➜ Explicit dependency on target 'FirebaseMessagingInterop' in project 'Firebase'
        ➜ Explicit dependency on target 'FirebaseSharedSwift' in project 'Firebase'
        ➜ Explicit dependency on target 'FirebaseFunctions' in project 'Firebase'
        ➜ Explicit dependency on target 'GULNSData' in project 'GoogleUtilities'
        ➜ Explicit dependency on target 'GULEnvironment' in project 'GoogleUtilities'
        ➜ Explicit dependency on target 'GULLogger' in project 'GoogleUtilities'
        ➜ Explicit dependency on target 'GTMSessionFetcherCore' in project 'GTMSessionFetcher'
    Target 'FirebaseInAppMessaging-Beta' in project 'Firebase'
        ➜ Explicit dependency on target 'FirebaseInAppMessagingTarget' in project 'Firebase'
        ➜ Explicit dependency on target 'Firebase' in project 'Firebase'
        ➜ Explicit dependency on target 'FirebaseCoreInternal' in project 'Firebase'
        ➜ Explicit dependency on target 'FirebaseCore' in project 'Firebase'
        ➜ Explicit dependency on target 'FirebaseInstallations' in project 'Firebase'
        ➜ Explicit dependency on target 'FirebaseABTesting' in project 'Firebase'
        ➜ Explicit dependency on target 'FirebaseInAppMessaging_iOS' in project 'Firebase'
        ➜ Explicit dependency on target 'FirebaseInAppMessagingInternal' in project 'Firebase'
        ➜ Explicit dependency on target 'FirebaseInAppMessaging' in project 'Firebase'
        ➜ Explicit dependency on target 'GULNSData' in project 'GoogleUtilities'
        ➜ Explicit dependency on target 'GULEnvironment' in project 'GoogleUtilities'
        ➜ Explicit dependency on target 'GULLogger' in project 'GoogleUtilities'
        ➜ Explicit dependency on target 'FBLPromises' in project 'Promises'
        ➜ Explicit dependency on target 'GULUserDefaults' in project 'GoogleUtilities'
        ➜ Explicit dependency on target 'nanopb' in project 'nanopb'
    Target 'FirebaseInAppMessagingTarget' in project 'Firebase'
        ➜ Explicit dependency on target 'Firebase' in project 'Firebase'
        ➜ Explicit dependency on target 'FirebaseCoreInternal' in project 'Firebase'
        ➜ Explicit dependency on target 'FirebaseCore' in project 'Firebase'
        ➜ Explicit dependency on target 'FirebaseInstallations' in project 'Firebase'
        ➜ Explicit dependency on target 'FirebaseABTesting' in project 'Firebase'
        ➜ Explicit dependency on target 'FirebaseInAppMessaging_iOS' in project 'Firebase'
        ➜ Explicit dependency on target 'FirebaseInAppMessagingInternal' in project 'Firebase'
        ➜ Explicit dependency on target 'FirebaseInAppMessaging' in project 'Firebase'
        ➜ Explicit dependency on target 'GULNSData' in project 'GoogleUtilities'
        ➜ Explicit dependency on target 'GULEnvironment' in project 'GoogleUtilities'
        ➜ Explicit dependency on target 'GULLogger' in project 'GoogleUtilities'
        ➜ Explicit dependency on target 'FBLPromises' in project 'Promises'
        ➜ Explicit dependency on target 'GULUserDefaults' in project 'GoogleUtilities'
        ➜ Explicit dependency on target 'nanopb' in project 'nanopb'
    Target 'FirebaseInAppMessaging' in project 'Firebase'
        ➜ Explicit dependency on target 'Firebase' in project 'Firebase'
        ➜ Explicit dependency on target 'FirebaseCoreInternal' in project 'Firebase'
        ➜ Explicit dependency on target 'FirebaseCore' in project 'Firebase'
        ➜ Explicit dependency on target 'FirebaseInstallations' in project 'Firebase'
        ➜ Explicit dependency on target 'FirebaseABTesting' in project 'Firebase'
        ➜ Explicit dependency on target 'FirebaseInAppMessaging_iOS' in project 'Firebase'
        ➜ Explicit dependency on target 'FirebaseInAppMessagingInternal' in project 'Firebase'
        ➜ Explicit dependency on target 'GULNSData' in project 'GoogleUtilities'
        ➜ Explicit dependency on target 'GULEnvironment' in project 'GoogleUtilities'
        ➜ Explicit dependency on target 'GULLogger' in project 'GoogleUtilities'
        ➜ Explicit dependency on target 'FBLPromises' in project 'Promises'
        ➜ Explicit dependency on target 'GULUserDefaults' in project 'GoogleUtilities'
        ➜ Explicit dependency on target 'nanopb' in project 'nanopb'
    Target 'FirebaseInAppMessagingInternal' in project 'Firebase'
        ➜ Explicit dependency on target 'Firebase' in project 'Firebase'
        ➜ Explicit dependency on target 'FirebaseCoreInternal' in project 'Firebase'
        ➜ Explicit dependency on target 'FirebaseCore' in project 'Firebase'
        ➜ Explicit dependency on target 'FirebaseInstallations' in project 'Firebase'
        ➜ Explicit dependency on target 'FirebaseABTesting' in project 'Firebase'
        ➜ Explicit dependency on target 'FirebaseInAppMessaging_iOS' in project 'Firebase'
        ➜ Explicit dependency on target 'GULNSData' in project 'GoogleUtilities'
        ➜ Explicit dependency on target 'GULEnvironment' in project 'GoogleUtilities'
        ➜ Explicit dependency on target 'GULLogger' in project 'GoogleUtilities'
        ➜ Explicit dependency on target 'FBLPromises' in project 'Promises'
        ➜ Explicit dependency on target 'GULUserDefaults' in project 'GoogleUtilities'
        ➜ Explicit dependency on target 'nanopb' in project 'nanopb'
    Target 'FirebaseInAppMessaging_iOS' in project 'Firebase'
        ➜ Explicit dependency on target 'Firebase_FirebaseInAppMessaging_iOS' in project 'Firebase'
    Target 'Firebase_FirebaseInAppMessaging_iOS' in project 'Firebase' (no dependencies)
    Target 'FirebaseABTesting' in project 'Firebase'
        ➜ Explicit dependency on target 'Firebase_FirebaseABTesting' in project 'Firebase'
        ➜ Explicit dependency on target 'Firebase' in project 'Firebase'
        ➜ Explicit dependency on target 'FirebaseCoreInternal' in project 'Firebase'
        ➜ Explicit dependency on target 'FirebaseCore' in project 'Firebase'
        ➜ Explicit dependency on target 'GULNSData' in project 'GoogleUtilities'
        ➜ Explicit dependency on target 'GULEnvironment' in project 'GoogleUtilities'
        ➜ Explicit dependency on target 'GULLogger' in project 'GoogleUtilities'
    Target 'Firebase_FirebaseABTesting' in project 'Firebase' (no dependencies)
    Target 'FirebaseFirestoreCombine-Community' in project 'Firebase'
        ➜ Explicit dependency on target 'FirebaseFirestoreCombineSwift' in project 'Firebase'
        ➜ Explicit dependency on target 'FirebaseFirestoreInternalWrapper' in project 'Firebase'
        ➜ Explicit dependency on target 'FirebaseAppCheckInterop' in project 'Firebase'
        ➜ Explicit dependency on target 'Firebase' in project 'Firebase'
        ➜ Explicit dependency on target 'FirebaseCoreInternal' in project 'Firebase'
        ➜ Explicit dependency on target 'FirebaseCore' in project 'Firebase'
        ➜ Explicit dependency on target 'FirebaseCoreExtension' in project 'Firebase'
        ➜ Explicit dependency on target 'FirebaseSharedSwift' in project 'Firebase'
        ➜ Explicit dependency on target 'FirebaseFirestore' in project 'Firebase'
        ➜ Explicit dependency on target 'FirebaseFirestoreTarget' in project 'Firebase'
        ➜ Explicit dependency on target 'GULNSData' in project 'GoogleUtilities'
        ➜ Explicit dependency on target 'GULEnvironment' in project 'GoogleUtilities'
        ➜ Explicit dependency on target 'GULLogger' in project 'GoogleUtilities'
        ➜ Explicit dependency on target 'abseil' in project 'abseil'
        ➜ Explicit dependency on target 'gRPC-C++' in project 'gRPC'
        ➜ Explicit dependency on target 'nanopb' in project 'nanopb'
        ➜ Explicit dependency on target 'leveldb' in project 'leveldb'
    Target 'FirebaseFirestoreCombineSwift' in project 'Firebase'
        ➜ Explicit dependency on target 'FirebaseFirestoreInternalWrapper' in project 'Firebase'
        ➜ Explicit dependency on target 'FirebaseAppCheckInterop' in project 'Firebase'
        ➜ Explicit dependency on target 'Firebase' in project 'Firebase'
        ➜ Explicit dependency on target 'FirebaseCoreInternal' in project 'Firebase'
        ➜ Explicit dependency on target 'FirebaseCore' in project 'Firebase'
        ➜ Explicit dependency on target 'FirebaseCoreExtension' in project 'Firebase'
        ➜ Explicit dependency on target 'FirebaseSharedSwift' in project 'Firebase'
        ➜ Explicit dependency on target 'FirebaseFirestore' in project 'Firebase'
        ➜ Explicit dependency on target 'FirebaseFirestoreTarget' in project 'Firebase'
        ➜ Explicit dependency on target 'GULNSData' in project 'GoogleUtilities'
        ➜ Explicit dependency on target 'GULEnvironment' in project 'GoogleUtilities'
        ➜ Explicit dependency on target 'GULLogger' in project 'GoogleUtilities'
        ➜ Explicit dependency on target 'abseil' in project 'abseil'
        ➜ Explicit dependency on target 'gRPC-C++' in project 'gRPC'
        ➜ Explicit dependency on target 'nanopb' in project 'nanopb'
        ➜ Explicit dependency on target 'leveldb' in project 'leveldb'
    Target 'FirebaseFirestore' in project 'Firebase'
        ➜ Explicit dependency on target 'FirebaseFirestoreTarget' in project 'Firebase'
        ➜ Explicit dependency on target 'FirebaseFirestoreInternalWrapper' in project 'Firebase'
        ➜ Explicit dependency on target 'FirebaseAppCheckInterop' in project 'Firebase'
        ➜ Explicit dependency on target 'Firebase' in project 'Firebase'
        ➜ Explicit dependency on target 'FirebaseCoreInternal' in project 'Firebase'
        ➜ Explicit dependency on target 'FirebaseCore' in project 'Firebase'
        ➜ Explicit dependency on target 'FirebaseCoreExtension' in project 'Firebase'
        ➜ Explicit dependency on target 'FirebaseSharedSwift' in project 'Firebase'
        ➜ Explicit dependency on target 'FirebaseFirestore' in project 'Firebase'
        ➜ Explicit dependency on target 'GULNSData' in project 'GoogleUtilities'
        ➜ Explicit dependency on target 'GULEnvironment' in project 'GoogleUtilities'
        ➜ Explicit dependency on target 'GULLogger' in project 'GoogleUtilities'
        ➜ Explicit dependency on target 'abseil' in project 'abseil'
        ➜ Explicit dependency on target 'gRPC-C++' in project 'gRPC'
        ➜ Explicit dependency on target 'nanopb' in project 'nanopb'
        ➜ Explicit dependency on target 'leveldb' in project 'leveldb'
    Target 'FirebaseFirestoreTarget' in project 'Firebase'
        ➜ Explicit dependency on target 'FirebaseFirestoreInternalWrapper' in project 'Firebase'
        ➜ Explicit dependency on target 'FirebaseAppCheckInterop' in project 'Firebase'
        ➜ Explicit dependency on target 'Firebase' in project 'Firebase'
        ➜ Explicit dependency on target 'FirebaseCoreInternal' in project 'Firebase'
        ➜ Explicit dependency on target 'FirebaseCore' in project 'Firebase'
        ➜ Explicit dependency on target 'FirebaseCoreExtension' in project 'Firebase'
        ➜ Explicit dependency on target 'FirebaseSharedSwift' in project 'Firebase'
        ➜ Explicit dependency on target 'FirebaseFirestore' in project 'Firebase'
        ➜ Explicit dependency on target 'GULNSData' in project 'GoogleUtilities'
        ➜ Explicit dependency on target 'GULEnvironment' in project 'GoogleUtilities'
        ➜ Explicit dependency on target 'GULLogger' in project 'GoogleUtilities'
        ➜ Explicit dependency on target 'abseil' in project 'abseil'
        ➜ Explicit dependency on target 'gRPC-C++' in project 'gRPC'
        ➜ Explicit dependency on target 'nanopb' in project 'nanopb'
        ➜ Explicit dependency on target 'leveldb' in project 'leveldb'
    Target 'FirebaseFirestore' in project 'Firebase'
        ➜ Explicit dependency on target 'Firebase_FirebaseFirestore' in project 'Firebase'
        ➜ Explicit dependency on target 'FirebaseFirestoreInternalWrapper' in project 'Firebase'
        ➜ Explicit dependency on target 'FirebaseAppCheckInterop' in project 'Firebase'
        ➜ Explicit dependency on target 'Firebase' in project 'Firebase'
        ➜ Explicit dependency on target 'FirebaseCoreInternal' in project 'Firebase'
        ➜ Explicit dependency on target 'FirebaseCore' in project 'Firebase'
        ➜ Explicit dependency on target 'FirebaseCoreExtension' in project 'Firebase'
        ➜ Explicit dependency on target 'FirebaseSharedSwift' in project 'Firebase'
        ➜ Explicit dependency on target 'GULNSData' in project 'GoogleUtilities'
        ➜ Explicit dependency on target 'GULEnvironment' in project 'GoogleUtilities'
        ➜ Explicit dependency on target 'GULLogger' in project 'GoogleUtilities'
        ➜ Explicit dependency on target 'abseil' in project 'abseil'
        ➜ Explicit dependency on target 'gRPC-C++' in project 'gRPC'
        ➜ Explicit dependency on target 'nanopb' in project 'nanopb'
        ➜ Explicit dependency on target 'leveldb' in project 'leveldb'
    Target 'leveldb' in project 'leveldb'
        ➜ Explicit dependency on target 'leveldb' in project 'leveldb'
        ➜ Explicit dependency on target 'leveldb_leveldb' in project 'leveldb'
    Target 'leveldb' in project 'leveldb'
        ➜ Explicit dependency on target 'leveldb_leveldb' in project 'leveldb'
    Target 'leveldb_leveldb' in project 'leveldb' (no dependencies)
    Target 'gRPC-C++' in project 'gRPC'
        ➜ Explicit dependency on target 'grpcppWrapper' in project 'gRPC'
        ➜ Explicit dependency on target 'gRPC_grpcppWrapper' in project 'gRPC'
        ➜ Explicit dependency on target 'grpcWrapper' in project 'gRPC'
        ➜ Explicit dependency on target 'opensslWrapper' in project 'gRPC'
        ➜ Explicit dependency on target 'abseil' in project 'abseil'
    Target 'grpcppWrapper' in project 'gRPC'
        ➜ Explicit dependency on target 'gRPC_grpcppWrapper' in project 'gRPC'
        ➜ Explicit dependency on target 'grpcWrapper' in project 'gRPC'
        ➜ Explicit dependency on target 'opensslWrapper' in project 'gRPC'
        ➜ Explicit dependency on target 'abseil' in project 'abseil'
    Target 'opensslWrapper' in project 'gRPC'
        ➜ Explicit dependency on target 'gRPC_opensslWrapper' in project 'gRPC'
    Target 'gRPC_opensslWrapper' in project 'gRPC' (no dependencies)
    Target 'grpcWrapper' in project 'gRPC'
        ➜ Explicit dependency on target 'gRPC_grpcWrapper' in project 'gRPC'
    Target 'gRPC_grpcWrapper' in project 'gRPC' (no dependencies)
    Target 'gRPC_grpcppWrapper' in project 'gRPC' (no dependencies)
    Target 'abseil' in project 'abseil'
        ➜ Explicit dependency on target 'abslWrapper' in project 'abseil'
        ➜ Explicit dependency on target 'abseil_abslWrapper' in project 'abseil'
    Target 'abslWrapper' in project 'abseil'
        ➜ Explicit dependency on target 'abseil_abslWrapper' in project 'abseil'
    Target 'abseil_abslWrapper' in project 'abseil' (no dependencies)
    Target 'Firebase_FirebaseFirestore' in project 'Firebase' (no dependencies)
    Target 'FirebaseFirestoreInternalWrapper' in project 'Firebase' (no dependencies)
    Target 'GoogleSignInSwift' in project 'GoogleSignIn'
        ➜ Explicit dependency on target 'GoogleSignInSwift' in project 'GoogleSignIn'
        ➜ Explicit dependency on target 'GoogleSignIn_GoogleSignInSwift' in project 'GoogleSignIn'
        ➜ Explicit dependency on target 'GoogleSignIn' in project 'GoogleSignIn'
        ➜ Explicit dependency on target 'AppAuth' in project 'AppAuth'
        ➜ Explicit dependency on target 'AppAuthCore' in project 'AppAuth'
        ➜ Explicit dependency on target 'AppCheckCore' in project 'AppCheck'
        ➜ Explicit dependency on target 'GTMAppAuth' in project 'GTMAppAuth'
        ➜ Explicit dependency on target 'GTMSessionFetcherCore' in project 'GTMSessionFetcher'
    Target 'GoogleSignInSwift' in project 'GoogleSignIn'
        ➜ Explicit dependency on target 'GoogleSignIn_GoogleSignInSwift' in project 'GoogleSignIn'
        ➜ Explicit dependency on target 'GoogleSignIn' in project 'GoogleSignIn'
        ➜ Explicit dependency on target 'AppAuth' in project 'AppAuth'
        ➜ Explicit dependency on target 'AppAuthCore' in project 'AppAuth'
        ➜ Explicit dependency on target 'AppCheckCore' in project 'AppCheck'
        ➜ Explicit dependency on target 'GTMAppAuth' in project 'GTMAppAuth'
        ➜ Explicit dependency on target 'GTMSessionFetcherCore' in project 'GTMSessionFetcher'
    Target 'GoogleSignIn_GoogleSignInSwift' in project 'GoogleSignIn' (no dependencies)
    Target 'FirebaseAuthCombine-Community' in project 'Firebase'
        ➜ Explicit dependency on target 'FirebaseAuthCombineSwift' in project 'Firebase'
        ➜ Explicit dependency on target 'FirebaseAppCheckInterop' in project 'Firebase'
        ➜ Explicit dependency on target 'FirebaseAuthInterop' in project 'Firebase'
        ➜ Explicit dependency on target 'FirebaseAuthInternal' in project 'Firebase'
        ➜ Explicit dependency on target 'Firebase' in project 'Firebase'
        ➜ Explicit dependency on target 'FirebaseCoreInternal' in project 'Firebase'
        ➜ Explicit dependency on target 'FirebaseCore' in project 'Firebase'
        ➜ Explicit dependency on target 'FirebaseCoreExtension' in project 'Firebase'
        ➜ Explicit dependency on target 'FirebaseAuth' in project 'Firebase'
        ➜ Explicit dependency on target 'RecaptchaInterop' in project 'InteropForGoogle'
        ➜ Explicit dependency on target 'GULNSData' in project 'GoogleUtilities'
        ➜ Explicit dependency on target 'GULEnvironment' in project 'GoogleUtilities'
        ➜ Explicit dependency on target 'GULLogger' in project 'GoogleUtilities'
        ➜ Explicit dependency on target 'GULAppDelegateSwizzler' in project 'GoogleUtilities'
        ➜ Explicit dependency on target 'GTMSessionFetcherCore' in project 'GTMSessionFetcher'
    Target 'FirebaseAuthCombineSwift' in project 'Firebase'
        ➜ Explicit dependency on target 'FirebaseAppCheckInterop' in project 'Firebase'
        ➜ Explicit dependency on target 'FirebaseAuthInterop' in project 'Firebase'
        ➜ Explicit dependency on target 'FirebaseAuthInternal' in project 'Firebase'
        ➜ Explicit dependency on target 'Firebase' in project 'Firebase'
        ➜ Explicit dependency on target 'FirebaseCoreInternal' in project 'Firebase'
        ➜ Explicit dependency on target 'FirebaseCore' in project 'Firebase'
        ➜ Explicit dependency on target 'FirebaseCoreExtension' in project 'Firebase'
        ➜ Explicit dependency on target 'FirebaseAuth' in project 'Firebase'
        ➜ Explicit dependency on target 'RecaptchaInterop' in project 'InteropForGoogle'
        ➜ Explicit dependency on target 'GULNSData' in project 'GoogleUtilities'
        ➜ Explicit dependency on target 'GULEnvironment' in project 'GoogleUtilities'
        ➜ Explicit dependency on target 'GULLogger' in project 'GoogleUtilities'
        ➜ Explicit dependency on target 'GULAppDelegateSwizzler' in project 'GoogleUtilities'
        ➜ Explicit dependency on target 'GTMSessionFetcherCore' in project 'GTMSessionFetcher'
    Target 'FirebaseAnalyticsIdentitySupport' in project 'Firebase'
        ➜ Explicit dependency on target 'FirebaseAnalyticsIdentitySupportTarget' in project 'Firebase'
        ➜ Explicit dependency on target 'Firebase' in project 'Firebase'
        ➜ Explicit dependency on target 'FirebaseCoreInternal' in project 'Firebase'
        ➜ Explicit dependency on target 'FirebaseCore' in project 'Firebase'
        ➜ Explicit dependency on target 'FirebaseInstallations' in project 'Firebase'
        ➜ Explicit dependency on target 'GULNSData' in project 'GoogleUtilities'
        ➜ Explicit dependency on target 'GULEnvironment' in project 'GoogleUtilities'
        ➜ Explicit dependency on target 'GULLogger' in project 'GoogleUtilities'
        ➜ Explicit dependency on target 'FBLPromises' in project 'Promises'
        ➜ Explicit dependency on target 'GULUserDefaults' in project 'GoogleUtilities'
        ➜ Explicit dependency on target 'GoogleAppMeasurementIdentitySupport' in project 'GoogleAppMeasurement'
        ➜ Explicit dependency on target 'GULAppDelegateSwizzler' in project 'GoogleUtilities'
        ➜ Explicit dependency on target 'GULMethodSwizzler' in project 'GoogleUtilities'
        ➜ Explicit dependency on target 'GULNetwork' in project 'GoogleUtilities'
        ➜ Explicit dependency on target 'nanopb' in project 'nanopb'
    Target 'FirebaseAnalyticsIdentitySupportTarget' in project 'Firebase'
        ➜ Explicit dependency on target 'Firebase' in project 'Firebase'
        ➜ Explicit dependency on target 'FirebaseCoreInternal' in project 'Firebase'
        ➜ Explicit dependency on target 'FirebaseCore' in project 'Firebase'
        ➜ Explicit dependency on target 'FirebaseInstallations' in project 'Firebase'
        ➜ Explicit dependency on target 'GULNSData' in project 'GoogleUtilities'
        ➜ Explicit dependency on target 'GULEnvironment' in project 'GoogleUtilities'
        ➜ Explicit dependency on target 'GULLogger' in project 'GoogleUtilities'
        ➜ Explicit dependency on target 'FBLPromises' in project 'Promises'
        ➜ Explicit dependency on target 'GULUserDefaults' in project 'GoogleUtilities'
        ➜ Explicit dependency on target 'GoogleAppMeasurementIdentitySupport' in project 'GoogleAppMeasurement'
        ➜ Explicit dependency on target 'GULAppDelegateSwizzler' in project 'GoogleUtilities'
        ➜ Explicit dependency on target 'GULMethodSwizzler' in project 'GoogleUtilities'
        ➜ Explicit dependency on target 'GULNetwork' in project 'GoogleUtilities'
        ➜ Explicit dependency on target 'nanopb' in project 'nanopb'
    Target 'GoogleAppMeasurementIdentitySupport' in project 'GoogleAppMeasurement'
        ➜ Explicit dependency on target 'GoogleAppMeasurementIdentitySupportTarget' in project 'GoogleAppMeasurement'
        ➜ Explicit dependency on target 'GULAppDelegateSwizzler' in project 'GoogleUtilities'
        ➜ Explicit dependency on target 'GULMethodSwizzler' in project 'GoogleUtilities'
        ➜ Explicit dependency on target 'GULNSData' in project 'GoogleUtilities'
        ➜ Explicit dependency on target 'GULNetwork' in project 'GoogleUtilities'
        ➜ Explicit dependency on target 'GULLogger' in project 'GoogleUtilities'
        ➜ Explicit dependency on target 'GULEnvironment' in project 'GoogleUtilities'
        ➜ Explicit dependency on target 'nanopb' in project 'nanopb'
    Target 'GoogleAppMeasurementIdentitySupportTarget' in project 'GoogleAppMeasurement'
        ➜ Explicit dependency on target 'GULAppDelegateSwizzler' in project 'GoogleUtilities'
        ➜ Explicit dependency on target 'GULMethodSwizzler' in project 'GoogleUtilities'
        ➜ Explicit dependency on target 'GULNSData' in project 'GoogleUtilities'
        ➜ Explicit dependency on target 'GULNetwork' in project 'GoogleUtilities'
        ➜ Explicit dependency on target 'GULLogger' in project 'GoogleUtilities'
        ➜ Explicit dependency on target 'GULEnvironment' in project 'GoogleUtilities'
        ➜ Explicit dependency on target 'nanopb' in project 'nanopb'
    Target 'FirebaseMLModelDownloader' in project 'Firebase'
        ➜ Explicit dependency on target 'FirebaseMLModelDownloader' in project 'Firebase'
        ➜ Explicit dependency on target 'Firebase' in project 'Firebase'
        ➜ Explicit dependency on target 'FirebaseCoreInternal' in project 'Firebase'
        ➜ Explicit dependency on target 'FirebaseCore' in project 'Firebase'
        ➜ Explicit dependency on target 'FirebaseCoreExtension' in project 'Firebase'
        ➜ Explicit dependency on target 'FirebaseInstallations' in project 'Firebase'
        ➜ Explicit dependency on target 'GULNSData' in project 'GoogleUtilities'
        ➜ Explicit dependency on target 'GULEnvironment' in project 'GoogleUtilities'
        ➜ Explicit dependency on target 'GULLogger' in project 'GoogleUtilities'
        ➜ Explicit dependency on target 'FBLPromises' in project 'Promises'
        ➜ Explicit dependency on target 'GULUserDefaults' in project 'GoogleUtilities'
    Target 'FirebaseMLModelDownloader' in project 'Firebase'
        ➜ Explicit dependency on target 'Firebase' in project 'Firebase'
        ➜ Explicit dependency on target 'FirebaseCoreInternal' in project 'Firebase'
        ➜ Explicit dependency on target 'FirebaseCore' in project 'Firebase'
        ➜ Explicit dependency on target 'FirebaseCoreExtension' in project 'Firebase'
        ➜ Explicit dependency on target 'FirebaseInstallations' in project 'Firebase'
        ➜ Explicit dependency on target 'GULNSData' in project 'GoogleUtilities'
        ➜ Explicit dependency on target 'GULEnvironment' in project 'GoogleUtilities'
        ➜ Explicit dependency on target 'GULLogger' in project 'GoogleUtilities'
        ➜ Explicit dependency on target 'FBLPromises' in project 'Promises'
        ➜ Explicit dependency on target 'GULUserDefaults' in project 'GoogleUtilities'
    Target 'GoogleSignIn' in project 'GoogleSignIn'
        ➜ Explicit dependency on target 'GoogleSignIn' in project 'GoogleSignIn'
        ➜ Explicit dependency on target 'GoogleSignIn_GoogleSignIn' in project 'GoogleSignIn'
        ➜ Explicit dependency on target 'AppAuth' in project 'AppAuth'
        ➜ Explicit dependency on target 'AppAuthCore' in project 'AppAuth'
        ➜ Explicit dependency on target 'AppCheckCore' in project 'AppCheck'
        ➜ Explicit dependency on target 'GTMAppAuth' in project 'GTMAppAuth'
        ➜ Explicit dependency on target 'GTMSessionFetcherCore' in project 'GTMSessionFetcher'
    Target 'GoogleSignIn' in project 'GoogleSignIn'
        ➜ Explicit dependency on target 'GoogleSignIn_GoogleSignIn' in project 'GoogleSignIn'
        ➜ Explicit dependency on target 'AppAuth' in project 'AppAuth'
        ➜ Explicit dependency on target 'AppAuthCore' in project 'AppAuth'
        ➜ Explicit dependency on target 'AppCheckCore' in project 'AppCheck'
        ➜ Explicit dependency on target 'GTMAppAuth' in project 'GTMAppAuth'
        ➜ Explicit dependency on target 'GTMSessionFetcherCore' in project 'GTMSessionFetcher'
    Target 'GTMAppAuth' in project 'GTMAppAuth'
        ➜ Explicit dependency on target 'GTMAppAuth' in project 'GTMAppAuth'
        ➜ Explicit dependency on target 'GTMAppAuth_GTMAppAuth' in project 'GTMAppAuth'
        ➜ Explicit dependency on target 'GTMSessionFetcherCore' in project 'GTMSessionFetcher'
        ➜ Explicit dependency on target 'AppAuthCore' in project 'AppAuth'
    Target 'GTMAppAuth' in project 'GTMAppAuth'
        ➜ Explicit dependency on target 'GTMAppAuth_GTMAppAuth' in project 'GTMAppAuth'
        ➜ Explicit dependency on target 'GTMSessionFetcherCore' in project 'GTMSessionFetcher'
        ➜ Explicit dependency on target 'AppAuthCore' in project 'AppAuth'
    Target 'GTMAppAuth_GTMAppAuth' in project 'GTMAppAuth' (no dependencies)
    Target 'AppAuthCore' in project 'AppAuth'
        ➜ Explicit dependency on target 'AppAuthCore' in project 'AppAuth'
        ➜ Explicit dependency on target 'AppAuth_AppAuthCore' in project 'AppAuth'
    Target 'AppAuth' in project 'AppAuth'
        ➜ Explicit dependency on target 'AppAuth' in project 'AppAuth'
        ➜ Explicit dependency on target 'AppAuth_AppAuth' in project 'AppAuth'
        ➜ Explicit dependency on target 'AppAuthCore' in project 'AppAuth'
    Target 'AppAuth' in project 'AppAuth'
        ➜ Explicit dependency on target 'AppAuth_AppAuth' in project 'AppAuth'
        ➜ Explicit dependency on target 'AppAuthCore' in project 'AppAuth'
    Target 'AppAuthCore' in project 'AppAuth'
        ➜ Explicit dependency on target 'AppAuth_AppAuthCore' in project 'AppAuth'
    Target 'AppAuth_AppAuthCore' in project 'AppAuth' (no dependencies)
    Target 'AppAuth_AppAuth' in project 'AppAuth' (no dependencies)
    Target 'GoogleSignIn_GoogleSignIn' in project 'GoogleSignIn' (no dependencies)
    Target 'FirebaseAnalyticsCore' in project 'Firebase'
        ➜ Explicit dependency on target 'FirebaseAnalyticsCoreTarget' in project 'Firebase'
        ➜ Explicit dependency on target 'Firebase' in project 'Firebase'
        ➜ Explicit dependency on target 'FirebaseCoreInternal' in project 'Firebase'
        ➜ Explicit dependency on target 'FirebaseCore' in project 'Firebase'
        ➜ Explicit dependency on target 'FirebaseInstallations' in project 'Firebase'
        ➜ Explicit dependency on target 'FirebaseAnalyticsCoreWrapper' in project 'Firebase'
        ➜ Explicit dependency on target 'GULNSData' in project 'GoogleUtilities'
        ➜ Explicit dependency on target 'GULEnvironment' in project 'GoogleUtilities'
        ➜ Explicit dependency on target 'GULLogger' in project 'GoogleUtilities'
        ➜ Explicit dependency on target 'FBLPromises' in project 'Promises'
        ➜ Explicit dependency on target 'GULUserDefaults' in project 'GoogleUtilities'
        ➜ Explicit dependency on target 'GoogleAppMeasurementCore' in project 'GoogleAppMeasurement'
        ➜ Explicit dependency on target 'GULAppDelegateSwizzler' in project 'GoogleUtilities'
        ➜ Explicit dependency on target 'GULMethodSwizzler' in project 'GoogleUtilities'
        ➜ Explicit dependency on target 'GULNetwork' in project 'GoogleUtilities'
        ➜ Explicit dependency on target 'nanopb' in project 'nanopb'
    Target 'FirebaseAnalyticsCoreTarget' in project 'Firebase'
        ➜ Explicit dependency on target 'Firebase' in project 'Firebase'
        ➜ Explicit dependency on target 'FirebaseCoreInternal' in project 'Firebase'
        ➜ Explicit dependency on target 'FirebaseCore' in project 'Firebase'
        ➜ Explicit dependency on target 'FirebaseInstallations' in project 'Firebase'
        ➜ Explicit dependency on target 'FirebaseAnalyticsCoreWrapper' in project 'Firebase'
        ➜ Explicit dependency on target 'GULNSData' in project 'GoogleUtilities'
        ➜ Explicit dependency on target 'GULEnvironment' in project 'GoogleUtilities'
        ➜ Explicit dependency on target 'GULLogger' in project 'GoogleUtilities'
        ➜ Explicit dependency on target 'FBLPromises' in project 'Promises'
        ➜ Explicit dependency on target 'GULUserDefaults' in project 'GoogleUtilities'
        ➜ Explicit dependency on target 'GoogleAppMeasurementCore' in project 'GoogleAppMeasurement'
        ➜ Explicit dependency on target 'GULAppDelegateSwizzler' in project 'GoogleUtilities'
        ➜ Explicit dependency on target 'GULMethodSwizzler' in project 'GoogleUtilities'
        ➜ Explicit dependency on target 'GULNetwork' in project 'GoogleUtilities'
        ➜ Explicit dependency on target 'nanopb' in project 'nanopb'
    Target 'FirebaseAnalyticsCoreWrapper' in project 'Firebase'
        ➜ Explicit dependency on target 'Firebase' in project 'Firebase'
        ➜ Explicit dependency on target 'FirebaseCoreInternal' in project 'Firebase'
        ➜ Explicit dependency on target 'FirebaseCore' in project 'Firebase'
        ➜ Explicit dependency on target 'FirebaseInstallations' in project 'Firebase'
        ➜ Explicit dependency on target 'GULNSData' in project 'GoogleUtilities'
        ➜ Explicit dependency on target 'GULEnvironment' in project 'GoogleUtilities'
        ➜ Explicit dependency on target 'GULLogger' in project 'GoogleUtilities'
        ➜ Explicit dependency on target 'FBLPromises' in project 'Promises'
        ➜ Explicit dependency on target 'GULUserDefaults' in project 'GoogleUtilities'
        ➜ Explicit dependency on target 'GoogleAppMeasurementCore' in project 'GoogleAppMeasurement'
        ➜ Explicit dependency on target 'GULAppDelegateSwizzler' in project 'GoogleUtilities'
        ➜ Explicit dependency on target 'GULMethodSwizzler' in project 'GoogleUtilities'
        ➜ Explicit dependency on target 'GULNetwork' in project 'GoogleUtilities'
        ➜ Explicit dependency on target 'nanopb' in project 'nanopb'
    Target 'GoogleAppMeasurementCore' in project 'GoogleAppMeasurement'
        ➜ Explicit dependency on target 'GoogleAppMeasurementCoreTarget' in project 'GoogleAppMeasurement'
        ➜ Explicit dependency on target 'GULAppDelegateSwizzler' in project 'GoogleUtilities'
        ➜ Explicit dependency on target 'GULMethodSwizzler' in project 'GoogleUtilities'
        ➜ Explicit dependency on target 'GULNSData' in project 'GoogleUtilities'
        ➜ Explicit dependency on target 'GULNetwork' in project 'GoogleUtilities'
        ➜ Explicit dependency on target 'GULLogger' in project 'GoogleUtilities'
        ➜ Explicit dependency on target 'GULEnvironment' in project 'GoogleUtilities'
        ➜ Explicit dependency on target 'nanopb' in project 'nanopb'
    Target 'GoogleAppMeasurementCoreTarget' in project 'GoogleAppMeasurement'
        ➜ Explicit dependency on target 'GULAppDelegateSwizzler' in project 'GoogleUtilities'
        ➜ Explicit dependency on target 'GULMethodSwizzler' in project 'GoogleUtilities'
        ➜ Explicit dependency on target 'GULNSData' in project 'GoogleUtilities'
        ➜ Explicit dependency on target 'GULNetwork' in project 'GoogleUtilities'
        ➜ Explicit dependency on target 'GULLogger' in project 'GoogleUtilities'
        ➜ Explicit dependency on target 'GULEnvironment' in project 'GoogleUtilities'
        ➜ Explicit dependency on target 'nanopb' in project 'nanopb'
    Target 'nanopb' in project 'nanopb'
        ➜ Explicit dependency on target 'nanopb' in project 'nanopb'
        ➜ Explicit dependency on target 'nanopb_nanopb' in project 'nanopb'
    Target 'nanopb' in project 'nanopb'
        ➜ Explicit dependency on target 'nanopb_nanopb' in project 'nanopb'
    Target 'nanopb_nanopb' in project 'nanopb' (no dependencies)
    Target 'GULNetwork' in project 'GoogleUtilities'
        ➜ Explicit dependency on target 'GoogleUtilities-Network' in project 'GoogleUtilities'
        ➜ Explicit dependency on target 'GoogleUtilities_GoogleUtilities-Network' in project 'GoogleUtilities'
        ➜ Explicit dependency on target 'third-party-IsAppEncrypted' in project 'GoogleUtilities'
        ➜ Explicit dependency on target 'GoogleUtilities-Environment' in project 'GoogleUtilities'
        ➜ Explicit dependency on target 'GoogleUtilities-Logger' in project 'GoogleUtilities'
        ➜ Explicit dependency on target 'GoogleUtilities-NSData' in project 'GoogleUtilities'
        ➜ Explicit dependency on target 'GoogleUtilities-Reachability' in project 'GoogleUtilities'
    Target 'GULMethodSwizzler' in project 'GoogleUtilities'
        ➜ Explicit dependency on target 'GoogleUtilities-MethodSwizzler' in project 'GoogleUtilities'
        ➜ Explicit dependency on target 'GoogleUtilities_GoogleUtilities-MethodSwizzler' in project 'GoogleUtilities'
        ➜ Explicit dependency on target 'third-party-IsAppEncrypted' in project 'GoogleUtilities'
        ➜ Explicit dependency on target 'GoogleUtilities-Environment' in project 'GoogleUtilities'
        ➜ Explicit dependency on target 'GoogleUtilities-Logger' in project 'GoogleUtilities'
    Target 'GoogleUtilities-MethodSwizzler' in project 'GoogleUtilities'
        ➜ Explicit dependency on target 'GoogleUtilities_GoogleUtilities-MethodSwizzler' in project 'GoogleUtilities'
        ➜ Explicit dependency on target 'third-party-IsAppEncrypted' in project 'GoogleUtilities'
        ➜ Explicit dependency on target 'GoogleUtilities-Environment' in project 'GoogleUtilities'
        ➜ Explicit dependency on target 'GoogleUtilities-Logger' in project 'GoogleUtilities'
    Target 'GoogleUtilities_GoogleUtilities-MethodSwizzler' in project 'GoogleUtilities' (no dependencies)
    Target 'FirebaseInstallations' in project 'Firebase'
        ➜ Explicit dependency on target 'Firebase_FirebaseInstallations' in project 'Firebase'
        ➜ Explicit dependency on target 'Firebase' in project 'Firebase'
        ➜ Explicit dependency on target 'FirebaseCoreInternal' in project 'Firebase'
        ➜ Explicit dependency on target 'FirebaseCore' in project 'Firebase'
        ➜ Explicit dependency on target 'GULNSData' in project 'GoogleUtilities'
        ➜ Explicit dependency on target 'GULEnvironment' in project 'GoogleUtilities'
        ➜ Explicit dependency on target 'GULLogger' in project 'GoogleUtilities'
        ➜ Explicit dependency on target 'FBLPromises' in project 'Promises'
        ➜ Explicit dependency on target 'GULUserDefaults' in project 'GoogleUtilities'
    Target 'Firebase_FirebaseInstallations' in project 'Firebase' (no dependencies)
    Target 'FirebaseAILogic' in project 'Firebase'
        ➜ Explicit dependency on target 'FirebaseAILogic' in project 'Firebase'
        ➜ Explicit dependency on target 'FirebaseAppCheckInterop' in project 'Firebase'
        ➜ Explicit dependency on target 'FirebaseAuthInterop' in project 'Firebase'
        ➜ Explicit dependency on target 'Firebase' in project 'Firebase'
        ➜ Explicit dependency on target 'FirebaseCoreInternal' in project 'Firebase'
        ➜ Explicit dependency on target 'FirebaseCore' in project 'Firebase'
        ➜ Explicit dependency on target 'FirebaseCoreExtension' in project 'Firebase'
        ➜ Explicit dependency on target 'GULNSData' in project 'GoogleUtilities'
        ➜ Explicit dependency on target 'GULEnvironment' in project 'GoogleUtilities'
        ➜ Explicit dependency on target 'GULLogger' in project 'GoogleUtilities'
    Target 'FirebaseAILogic' in project 'Firebase'
        ➜ Explicit dependency on target 'FirebaseAppCheckInterop' in project 'Firebase'
        ➜ Explicit dependency on target 'FirebaseAuthInterop' in project 'Firebase'
        ➜ Explicit dependency on target 'Firebase' in project 'Firebase'
        ➜ Explicit dependency on target 'FirebaseCoreInternal' in project 'Firebase'
        ➜ Explicit dependency on target 'FirebaseCore' in project 'Firebase'
        ➜ Explicit dependency on target 'FirebaseCoreExtension' in project 'Firebase'
        ➜ Explicit dependency on target 'GULNSData' in project 'GoogleUtilities'
        ➜ Explicit dependency on target 'GULEnvironment' in project 'GoogleUtilities'
        ➜ Explicit dependency on target 'GULLogger' in project 'GoogleUtilities'
    Target 'FirebaseStorage' in project 'Firebase'
        ➜ Explicit dependency on target 'FirebaseStorage' in project 'Firebase'
        ➜ Explicit dependency on target 'FirebaseAppCheckInterop' in project 'Firebase'
        ➜ Explicit dependency on target 'FirebaseAuthInterop' in project 'Firebase'
        ➜ Explicit dependency on target 'Firebase' in project 'Firebase'
        ➜ Explicit dependency on target 'FirebaseCoreInternal' in project 'Firebase'
        ➜ Explicit dependency on target 'FirebaseCore' in project 'Firebase'
        ➜ Explicit dependency on target 'FirebaseCoreExtension' in project 'Firebase'
        ➜ Explicit dependency on target 'GULNSData' in project 'GoogleUtilities'
        ➜ Explicit dependency on target 'GULEnvironment' in project 'GoogleUtilities'
        ➜ Explicit dependency on target 'GULLogger' in project 'GoogleUtilities'
        ➜ Explicit dependency on target 'GTMSessionFetcherCore' in project 'GTMSessionFetcher'
    Target 'FirebaseStorage' in project 'Firebase'
        ➜ Explicit dependency on target 'FirebaseAppCheckInterop' in project 'Firebase'
        ➜ Explicit dependency on target 'FirebaseAuthInterop' in project 'Firebase'
        ➜ Explicit dependency on target 'Firebase' in project 'Firebase'
        ➜ Explicit dependency on target 'FirebaseCoreInternal' in project 'Firebase'
        ➜ Explicit dependency on target 'FirebaseCore' in project 'Firebase'
        ➜ Explicit dependency on target 'FirebaseCoreExtension' in project 'Firebase'
        ➜ Explicit dependency on target 'GULNSData' in project 'GoogleUtilities'
        ➜ Explicit dependency on target 'GULEnvironment' in project 'GoogleUtilities'
        ➜ Explicit dependency on target 'GULLogger' in project 'GoogleUtilities'
        ➜ Explicit dependency on target 'GTMSessionFetcherCore' in project 'GTMSessionFetcher'
    Target 'FirebaseAuth' in project 'Firebase'
        ➜ Explicit dependency on target 'FirebaseAuth' in project 'Firebase'
        ➜ Explicit dependency on target 'Firebase_FirebaseAuth' in project 'Firebase'
        ➜ Explicit dependency on target 'FirebaseAppCheckInterop' in project 'Firebase'
        ➜ Explicit dependency on target 'FirebaseAuthInterop' in project 'Firebase'
        ➜ Explicit dependency on target 'FirebaseAuthInternal' in project 'Firebase'
        ➜ Explicit dependency on target 'Firebase' in project 'Firebase'
        ➜ Explicit dependency on target 'FirebaseCoreInternal' in project 'Firebase'
        ➜ Explicit dependency on target 'FirebaseCore' in project 'Firebase'
        ➜ Explicit dependency on target 'FirebaseCoreExtension' in project 'Firebase'
        ➜ Explicit dependency on target 'RecaptchaInterop' in project 'InteropForGoogle'
        ➜ Explicit dependency on target 'GULNSData' in project 'GoogleUtilities'
        ➜ Explicit dependency on target 'GULEnvironment' in project 'GoogleUtilities'
        ➜ Explicit dependency on target 'GULLogger' in project 'GoogleUtilities'
        ➜ Explicit dependency on target 'GULAppDelegateSwizzler' in project 'GoogleUtilities'
        ➜ Explicit dependency on target 'GTMSessionFetcherCore' in project 'GTMSessionFetcher'
    Target 'FirebaseAuth' in project 'Firebase'
        ➜ Explicit dependency on target 'Firebase_FirebaseAuth' in project 'Firebase'
        ➜ Explicit dependency on target 'FirebaseAppCheckInterop' in project 'Firebase'
        ➜ Explicit dependency on target 'FirebaseAuthInterop' in project 'Firebase'
        ➜ Explicit dependency on target 'FirebaseAuthInternal' in project 'Firebase'
        ➜ Explicit dependency on target 'Firebase' in project 'Firebase'
        ➜ Explicit dependency on target 'FirebaseCoreInternal' in project 'Firebase'
        ➜ Explicit dependency on target 'FirebaseCore' in project 'Firebase'
        ➜ Explicit dependency on target 'FirebaseCoreExtension' in project 'Firebase'
        ➜ Explicit dependency on target 'RecaptchaInterop' in project 'InteropForGoogle'
        ➜ Explicit dependency on target 'GULNSData' in project 'GoogleUtilities'
        ➜ Explicit dependency on target 'GULEnvironment' in project 'GoogleUtilities'
        ➜ Explicit dependency on target 'GULLogger' in project 'GoogleUtilities'
        ➜ Explicit dependency on target 'GULAppDelegateSwizzler' in project 'GoogleUtilities'
        ➜ Explicit dependency on target 'GTMSessionFetcherCore' in project 'GTMSessionFetcher'
    Target 'GULAppDelegateSwizzler' in project 'GoogleUtilities'
        ➜ Explicit dependency on target 'GoogleUtilities-AppDelegateSwizzler' in project 'GoogleUtilities'
        ➜ Explicit dependency on target 'GoogleUtilities_GoogleUtilities-AppDelegateSwizzler' in project 'GoogleUtilities'
        ➜ Explicit dependency on target 'third-party-IsAppEncrypted' in project 'GoogleUtilities'
        ➜ Explicit dependency on target 'GoogleUtilities-Environment' in project 'GoogleUtilities'
        ➜ Explicit dependency on target 'GoogleUtilities-Logger' in project 'GoogleUtilities'
        ➜ Explicit dependency on target 'GoogleUtilities-NSData' in project 'GoogleUtilities'
        ➜ Explicit dependency on target 'GoogleUtilities-Reachability' in project 'GoogleUtilities'
        ➜ Explicit dependency on target 'GoogleUtilities-Network' in project 'GoogleUtilities'
    Target 'GoogleUtilities-AppDelegateSwizzler' in project 'GoogleUtilities'
        ➜ Explicit dependency on target 'GoogleUtilities_GoogleUtilities-AppDelegateSwizzler' in project 'GoogleUtilities'
        ➜ Explicit dependency on target 'third-party-IsAppEncrypted' in project 'GoogleUtilities'
        ➜ Explicit dependency on target 'GoogleUtilities-Environment' in project 'GoogleUtilities'
        ➜ Explicit dependency on target 'GoogleUtilities-Logger' in project 'GoogleUtilities'
        ➜ Explicit dependency on target 'GoogleUtilities-NSData' in project 'GoogleUtilities'
        ➜ Explicit dependency on target 'GoogleUtilities-Reachability' in project 'GoogleUtilities'
        ➜ Explicit dependency on target 'GoogleUtilities-Network' in project 'GoogleUtilities'
    Target 'GoogleUtilities-Network' in project 'GoogleUtilities'
        ➜ Explicit dependency on target 'GoogleUtilities_GoogleUtilities-Network' in project 'GoogleUtilities'
        ➜ Explicit dependency on target 'third-party-IsAppEncrypted' in project 'GoogleUtilities'
        ➜ Explicit dependency on target 'GoogleUtilities-Environment' in project 'GoogleUtilities'
        ➜ Explicit dependency on target 'GoogleUtilities-Logger' in project 'GoogleUtilities'
        ➜ Explicit dependency on target 'GoogleUtilities-NSData' in project 'GoogleUtilities'
        ➜ Explicit dependency on target 'GoogleUtilities-Reachability' in project 'GoogleUtilities'
    Target 'GoogleUtilities_GoogleUtilities-Network' in project 'GoogleUtilities' (no dependencies)
    Target 'GoogleUtilities-Reachability' in project 'GoogleUtilities'
        ➜ Explicit dependency on target 'GoogleUtilities_GoogleUtilities-Reachability' in project 'GoogleUtilities'
        ➜ Explicit dependency on target 'third-party-IsAppEncrypted' in project 'GoogleUtilities'
        ➜ Explicit dependency on target 'GoogleUtilities-Environment' in project 'GoogleUtilities'
        ➜ Explicit dependency on target 'GoogleUtilities-Logger' in project 'GoogleUtilities'
    Target 'GoogleUtilities_GoogleUtilities-Reachability' in project 'GoogleUtilities' (no dependencies)
    Target 'GoogleUtilities_GoogleUtilities-AppDelegateSwizzler' in project 'GoogleUtilities' (no dependencies)
    Target 'FirebaseAuthInternal' in project 'Firebase'
        ➜ Explicit dependency on target 'RecaptchaInterop' in project 'InteropForGoogle'
    Target 'RecaptchaInterop' in project 'InteropForGoogle'
        ➜ Explicit dependency on target 'RecaptchaInterop' in project 'InteropForGoogle'
    Target 'RecaptchaInterop' in project 'InteropForGoogle' (no dependencies)
    Target 'Firebase_FirebaseAuth' in project 'Firebase' (no dependencies)
    Target 'FirebaseAppCheck' in project 'Firebase'
        ➜ Explicit dependency on target 'FirebaseAppCheck' in project 'Firebase'
        ➜ Explicit dependency on target 'FirebaseAppCheckInterop' in project 'Firebase'
        ➜ Explicit dependency on target 'Firebase' in project 'Firebase'
        ➜ Explicit dependency on target 'FirebaseCoreInternal' in project 'Firebase'
        ➜ Explicit dependency on target 'FirebaseCore' in project 'Firebase'
        ➜ Explicit dependency on target 'GULNSData' in project 'GoogleUtilities'
        ➜ Explicit dependency on target 'GULEnvironment' in project 'GoogleUtilities'
        ➜ Explicit dependency on target 'GULLogger' in project 'GoogleUtilities'
        ➜ Explicit dependency on target 'AppCheckCore' in project 'AppCheck'
        ➜ Explicit dependency on target 'GULUserDefaults' in project 'GoogleUtilities'
    Target 'FirebaseAppCheck' in project 'Firebase'
        ➜ Explicit dependency on target 'FirebaseAppCheckInterop' in project 'Firebase'
        ➜ Explicit dependency on target 'Firebase' in project 'Firebase'
        ➜ Explicit dependency on target 'FirebaseCoreInternal' in project 'Firebase'
        ➜ Explicit dependency on target 'FirebaseCore' in project 'Firebase'
        ➜ Explicit dependency on target 'GULNSData' in project 'GoogleUtilities'
        ➜ Explicit dependency on target 'GULEnvironment' in project 'GoogleUtilities'
        ➜ Explicit dependency on target 'GULLogger' in project 'GoogleUtilities'
        ➜ Explicit dependency on target 'AppCheckCore' in project 'AppCheck'
        ➜ Explicit dependency on target 'GULUserDefaults' in project 'GoogleUtilities'
    Target 'AppCheckCore' in project 'AppCheck'
        ➜ Explicit dependency on target 'AppCheckCore' in project 'AppCheck'
        ➜ Explicit dependency on target 'FBLPromises' in project 'Promises'
        ➜ Explicit dependency on target 'GULEnvironment' in project 'GoogleUtilities'
        ➜ Explicit dependency on target 'GULUserDefaults' in project 'GoogleUtilities'
    Target 'AppCheckCore' in project 'AppCheck'
        ➜ Explicit dependency on target 'FBLPromises' in project 'Promises'
        ➜ Explicit dependency on target 'GULEnvironment' in project 'GoogleUtilities'
        ➜ Explicit dependency on target 'GULUserDefaults' in project 'GoogleUtilities'
    Target 'GULUserDefaults' in project 'GoogleUtilities'
        ➜ Explicit dependency on target 'GoogleUtilities-UserDefaults' in project 'GoogleUtilities'
        ➜ Explicit dependency on target 'GoogleUtilities_GoogleUtilities-UserDefaults' in project 'GoogleUtilities'
        ➜ Explicit dependency on target 'third-party-IsAppEncrypted' in project 'GoogleUtilities'
        ➜ Explicit dependency on target 'GoogleUtilities-Environment' in project 'GoogleUtilities'
        ➜ Explicit dependency on target 'GoogleUtilities-Logger' in project 'GoogleUtilities'
    Target 'GoogleUtilities-UserDefaults' in project 'GoogleUtilities'
        ➜ Explicit dependency on target 'GoogleUtilities_GoogleUtilities-UserDefaults' in project 'GoogleUtilities'
        ➜ Explicit dependency on target 'third-party-IsAppEncrypted' in project 'GoogleUtilities'
        ➜ Explicit dependency on target 'GoogleUtilities-Environment' in project 'GoogleUtilities'
        ➜ Explicit dependency on target 'GoogleUtilities-Logger' in project 'GoogleUtilities'
    Target 'GoogleUtilities_GoogleUtilities-UserDefaults' in project 'GoogleUtilities' (no dependencies)
    Target 'FBLPromises' in project 'Promises'
        ➜ Explicit dependency on target 'FBLPromises' in project 'Promises'
        ➜ Explicit dependency on target 'Promises_FBLPromises' in project 'Promises'
    Target 'FBLPromises' in project 'Promises'
        ➜ Explicit dependency on target 'Promises_FBLPromises' in project 'Promises'
    Target 'Promises_FBLPromises' in project 'Promises' (no dependencies)
    Target 'FirebaseFunctions' in project 'Firebase'
        ➜ Explicit dependency on target 'FirebaseFunctions' in project 'Firebase'
        ➜ Explicit dependency on target 'FirebaseAppCheckInterop' in project 'Firebase'
        ➜ Explicit dependency on target 'FirebaseAuthInterop' in project 'Firebase'
        ➜ Explicit dependency on target 'Firebase' in project 'Firebase'
        ➜ Explicit dependency on target 'FirebaseCoreInternal' in project 'Firebase'
        ➜ Explicit dependency on target 'FirebaseCore' in project 'Firebase'
        ➜ Explicit dependency on target 'FirebaseCoreExtension' in project 'Firebase'
        ➜ Explicit dependency on target 'FirebaseMessagingInterop' in project 'Firebase'
        ➜ Explicit dependency on target 'FirebaseSharedSwift' in project 'Firebase'
        ➜ Explicit dependency on target 'GULNSData' in project 'GoogleUtilities'
        ➜ Explicit dependency on target 'GULEnvironment' in project 'GoogleUtilities'
        ➜ Explicit dependency on target 'GULLogger' in project 'GoogleUtilities'
        ➜ Explicit dependency on target 'GTMSessionFetcherCore' in project 'GTMSessionFetcher'
    Target 'FirebaseFunctions' in project 'Firebase'
        ➜ Explicit dependency on target 'FirebaseAppCheckInterop' in project 'Firebase'
        ➜ Explicit dependency on target 'FirebaseAuthInterop' in project 'Firebase'
        ➜ Explicit dependency on target 'Firebase' in project 'Firebase'
        ➜ Explicit dependency on target 'FirebaseCoreInternal' in project 'Firebase'
        ➜ Explicit dependency on target 'FirebaseCore' in project 'Firebase'
        ➜ Explicit dependency on target 'FirebaseCoreExtension' in project 'Firebase'
        ➜ Explicit dependency on target 'FirebaseMessagingInterop' in project 'Firebase'
        ➜ Explicit dependency on target 'FirebaseSharedSwift' in project 'Firebase'
        ➜ Explicit dependency on target 'GULNSData' in project 'GoogleUtilities'
        ➜ Explicit dependency on target 'GULEnvironment' in project 'GoogleUtilities'
        ➜ Explicit dependency on target 'GULLogger' in project 'GoogleUtilities'
        ➜ Explicit dependency on target 'GTMSessionFetcherCore' in project 'GTMSessionFetcher'
    Target 'GTMSessionFetcherCore' in project 'GTMSessionFetcher'
        ➜ Explicit dependency on target 'GTMSessionFetcherCore' in project 'GTMSessionFetcher'
        ➜ Explicit dependency on target 'GTMSessionFetcher_GTMSessionFetcherCore' in project 'GTMSessionFetcher'
    Target 'GTMSessionFetcherCore' in project 'GTMSessionFetcher'
        ➜ Explicit dependency on target 'GTMSessionFetcher_GTMSessionFetcherCore' in project 'GTMSessionFetcher'
    Target 'GTMSessionFetcher_GTMSessionFetcherCore' in project 'GTMSessionFetcher' (no dependencies)
    Target 'FirebaseSharedSwift' in project 'Firebase' (no dependencies)
    Target 'FirebaseMessagingInterop' in project 'Firebase' (no dependencies)
    Target 'FirebaseCoreExtension' in project 'Firebase'
        ➜ Explicit dependency on target 'Firebase_FirebaseCoreExtension' in project 'Firebase'
    Target 'Firebase_FirebaseCoreExtension' in project 'Firebase' (no dependencies)
    Target 'FirebaseCore' in project 'Firebase'
        ➜ Explicit dependency on target 'Firebase_FirebaseCore' in project 'Firebase'
        ➜ Explicit dependency on target 'Firebase' in project 'Firebase'
        ➜ Explicit dependency on target 'FirebaseCoreInternal' in project 'Firebase'
        ➜ Explicit dependency on target 'GULNSData' in project 'GoogleUtilities'
        ➜ Explicit dependency on target 'GULEnvironment' in project 'GoogleUtilities'
        ➜ Explicit dependency on target 'GULLogger' in project 'GoogleUtilities'
    Target 'GULLogger' in project 'GoogleUtilities'
        ➜ Explicit dependency on target 'GoogleUtilities-Logger' in project 'GoogleUtilities'
        ➜ Explicit dependency on target 'GoogleUtilities_GoogleUtilities-Logger' in project 'GoogleUtilities'
        ➜ Explicit dependency on target 'third-party-IsAppEncrypted' in project 'GoogleUtilities'
        ➜ Explicit dependency on target 'GoogleUtilities-Environment' in project 'GoogleUtilities'
    Target 'GoogleUtilities-Logger' in project 'GoogleUtilities'
        ➜ Explicit dependency on target 'GoogleUtilities_GoogleUtilities-Logger' in project 'GoogleUtilities'
        ➜ Explicit dependency on target 'third-party-IsAppEncrypted' in project 'GoogleUtilities'
        ➜ Explicit dependency on target 'GoogleUtilities-Environment' in project 'GoogleUtilities'
    Target 'GoogleUtilities_GoogleUtilities-Logger' in project 'GoogleUtilities' (no dependencies)
    Target 'GULEnvironment' in project 'GoogleUtilities'
        ➜ Explicit dependency on target 'GoogleUtilities-Environment' in project 'GoogleUtilities'
        ➜ Explicit dependency on target 'GoogleUtilities_GoogleUtilities-Environment' in project 'GoogleUtilities'
        ➜ Explicit dependency on target 'third-party-IsAppEncrypted' in project 'GoogleUtilities'
    Target 'GoogleUtilities-Environment' in project 'GoogleUtilities'
        ➜ Explicit dependency on target 'GoogleUtilities_GoogleUtilities-Environment' in project 'GoogleUtilities'
        ➜ Explicit dependency on target 'third-party-IsAppEncrypted' in project 'GoogleUtilities'
    Target 'third-party-IsAppEncrypted' in project 'GoogleUtilities' (no dependencies)
    Target 'GoogleUtilities_GoogleUtilities-Environment' in project 'GoogleUtilities' (no dependencies)
    Target 'Firebase_FirebaseCore' in project 'Firebase' (no dependencies)
    Target 'FirebaseCoreInternal' in project 'Firebase'
        ➜ Explicit dependency on target 'Firebase_FirebaseCoreInternal' in project 'Firebase'
        ➜ Explicit dependency on target 'GULNSData' in project 'GoogleUtilities'
    Target 'GULNSData' in project 'GoogleUtilities'
        ➜ Explicit dependency on target 'GoogleUtilities-NSData' in project 'GoogleUtilities'
        ➜ Explicit dependency on target 'GoogleUtilities_GoogleUtilities-NSData' in project 'GoogleUtilities'
    Target 'GoogleUtilities-NSData' in project 'GoogleUtilities'
        ➜ Explicit dependency on target 'GoogleUtilities_GoogleUtilities-NSData' in project 'GoogleUtilities'
    Target 'GoogleUtilities_GoogleUtilities-NSData' in project 'GoogleUtilities' (no dependencies)
    Target 'Firebase_FirebaseCoreInternal' in project 'Firebase' (no dependencies)
    Target 'Firebase' in project 'Firebase' (no dependencies)
    Target 'FirebaseAuthInterop' in project 'Firebase' (no dependencies)
    Target 'FirebaseAppCheckInterop' in project 'Firebase' (no dependencies)

GatherProvisioningInputs

CreateBuildDescription

ExecuteExternalTool /Applications/Xcode.app/Contents/Developer/Toolchains/XcodeDefault.xctoolchain/usr/bin/clang -v -E -dM -arch arm64 -isysroot /Applications/Xcode.app/Contents/Developer/Platforms/iPhoneSimulator.platform/Developer/SDKs/iPhoneSimulator26.2.sdk -x objective-c -c /dev/null

ExecuteExternalTool /Applications/Xcode.app/Contents/Developer/Toolchains/XcodeDefault.xctoolchain/usr/bin/swiftc --version

ExecuteExternalTool /Applications/Xcode.app/Contents/Developer/Toolchains/XcodeDefault.xctoolchain/usr/bin/clang -v -E -dM -isysroot /Applications/Xcode.app/Contents/Developer/Platforms/iPhoneSimulator.platform/Developer/SDKs/iPhoneSimulator26.2.sdk -x c -c /dev/null

ExecuteExternalTool /Applications/Xcode.app/Contents/Developer/usr/bin/ibtool --version --output-format xml1

ExecuteExternalTool /Applications/Xcode.app/Contents/Developer/Toolchains/XcodeDefault.xctoolchain/usr/bin/clang -v -E -dM -arch arm64 -isysroot /Applications/Xcode.app/Contents/Developer/Platforms/iPhoneSimulator.platform/Developer/SDKs/iPhoneSimulator26.2.sdk -x c -c /dev/null

ExecuteExternalTool /Applications/Xcode.app/Contents/Developer/Toolchains/XcodeDefault.xctoolchain/usr/bin/ld -version_details

ExecuteExternalTool /Applications/Xcode.app/Contents/Developer/Toolchains/XcodeDefault.xctoolchain/usr/bin/clang -v -E -dM -arch arm64 -isysroot /Applications/Xcode.app/Contents/Developer/Platforms/iPhoneSimulator.platform/Developer/SDKs/iPhoneSimulator26.2.sdk -x c++ -c /dev/null

ExecuteExternalTool /Applications/Xcode.app/Contents/Developer/usr/bin/actool --print-asset-tag-combinations --output-format xml1 /Users/ayushyachitransh/development/bookstore/bookApp/bookApp/bookApp/Assets.xcassets

ExecuteExternalTool /Applications/Xcode.app/Contents/Developer/usr/bin/actool --version --output-format xml1

ExecuteExternalTool /Applications/Xcode.app/Contents/Developer/Toolchains/XcodeDefault.xctoolchain/usr/bin/clang -v -E -dM -arch arm64 -isysroot /Applications/Xcode.app/Contents/Developer/Platforms/iPhoneSimulator.platform/Developer/SDKs/iPhoneSimulator26.2.sdk -x objective-c++ -c /dev/null

Build description signature: 11d0d2461087026b3c3b555d8773f5db
Build description path: /Users/ayushyachitransh/Library/Developer/Xcode/DerivedData/bookApp-fuwvsqbobfenvpgtholzzzggmgpg/Build/Intermediates.noindex/XCBuildData/11d0d2461087026b3c3b555d8773f5db.xcbuilddata
ClangStatCache /Applications/Xcode.app/Contents/Developer/Toolchains/XcodeDefault.xctoolchain/usr/bin/clang-stat-cache /Applications/Xcode.app/Contents/Developer/Platforms/iPhoneSimulator.platform/Developer/SDKs/iPhoneSimulator26.2.sdk /Users/ayushyachitransh/Library/Developer/Xcode/DerivedData/SDKStatCaches.noindex/iphonesimulator26.2-23C57-7d00a8b37fbd7999ea79df8ebc024bf0.sdkstatcache
    cd /Users/ayushyachitransh/development/bookstore/bookApp/bookApp/bookApp.xcodeproj
    /Applications/Xcode.app/Contents/Developer/Toolchains/XcodeDefault.xctoolchain/usr/bin/clang-stat-cache /Applications/Xcode.app/Contents/Developer/Platforms/iPhoneSimulator.platform/Developer/SDKs/iPhoneSimulator26.2.sdk -o /Users/ayushyachitransh/Library/Developer/Xcode/DerivedData/SDKStatCaches.noindex/iphonesimulator26.2-23C57-7d00a8b37fbd7999ea79df8ebc024bf0.sdkstatcache

ProcessInfoPlistFile /Users/ayushyachitransh/Library/Developer/Xcode/DerivedData/bookApp-fuwvsqbobfenvpgtholzzzggmgpg/Build/Products/Debug-iphonesimulator/gRPC_opensslWrapper.bundle/Info.plist /Users/ayushyachitransh/Library/Developer/Xcode/DerivedData/bookApp-fuwvsqbobfenvpgtholzzzggmgpg/Build/Intermediates.noindex/gRPC.build/Debug-iphonesimulator/gRPC_opensslWrapper.build/empty-gRPC_opensslWrapper.plist (in target 'gRPC_opensslWrapper' from project 'gRPC')
    cd /Users/ayushyachitransh/Library/Developer/Xcode/DerivedData/bookApp-fuwvsqbobfenvpgtholzzzggmgpg/SourcePackages/checkouts/grpc-binary
    builtin-infoPlistUtility /Users/ayushyachitransh/Library/Developer/Xcode/DerivedData/bookApp-fuwvsqbobfenvpgtholzzzggmgpg/Build/Intermediates.noindex/gRPC.build/Debug-iphonesimulator/gRPC_opensslWrapper.build/empty-gRPC_opensslWrapper.plist -producttype com.apple.product-type.bundle -expandbuildsettings -format binary -platform iphonesimulator -o /Users/ayushyachitransh/Library/Developer/Xcode/DerivedData/bookApp-fuwvsqbobfenvpgtholzzzggmgpg/Build/Products/Debug-iphonesimulator/gRPC_opensslWrapper.bundle/Info.plist

ProcessInfoPlistFile /Users/ayushyachitransh/Library/Developer/Xcode/DerivedData/bookApp-fuwvsqbobfenvpgtholzzzggmgpg/Build/Products/Debug-iphonesimulator/leveldb_leveldb.bundle/Info.plist /Users/ayushyachitransh/Library/Developer/Xcode/DerivedData/bookApp-fuwvsqbobfenvpgtholzzzggmgpg/Build/Intermediates.noindex/leveldb.build/Debug-iphonesimulator/leveldb_leveldb.build/empty-leveldb_leveldb.plist (in target 'leveldb_leveldb' from project 'leveldb')
    cd /Users/ayushyachitransh/Library/Developer/Xcode/DerivedData/bookApp-fuwvsqbobfenvpgtholzzzggmgpg/SourcePackages/checkouts/leveldb
    builtin-infoPlistUtility /Users/ayushyachitransh/Library/Developer/Xcode/DerivedData/bookApp-fuwvsqbobfenvpgtholzzzggmgpg/Build/Intermediates.noindex/leveldb.build/Debug-iphonesimulator/leveldb_leveldb.build/empty-leveldb_leveldb.plist -producttype com.apple.product-type.bundle -expandbuildsettings -format binary -platform iphonesimulator -o /Users/ayushyachitransh/Library/Developer/Xcode/DerivedData/bookApp-fuwvsqbobfenvpgtholzzzggmgpg/Build/Products/Debug-iphonesimulator/leveldb_leveldb.bundle/Info.plist

ProcessInfoPlistFile /Users/ayushyachitransh/Library/Developer/Xcode/DerivedData/bookApp-fuwvsqbobfenvpgtholzzzggmgpg/Build/Products/Debug-iphonesimulator/gRPC_grpcWrapper.bundle/Info.plist /Users/ayushyachitransh/Library/Developer/Xcode/DerivedData/bookApp-fuwvsqbobfenvpgtholzzzggmgpg/Build/Intermediates.noindex/gRPC.build/Debug-iphonesimulator/gRPC_grpcWrapper.build/empty-gRPC_grpcWrapper.plist (in target 'gRPC_grpcWrapper' from project 'gRPC')
    cd /Users/ayushyachitransh/Library/Developer/Xcode/DerivedData/bookApp-fuwvsqbobfenvpgtholzzzggmgpg/SourcePackages/checkouts/grpc-binary
    builtin-infoPlistUtility /Users/ayushyachitransh/Library/Developer/Xcode/DerivedData/bookApp-fuwvsqbobfenvpgtholzzzggmgpg/Build/Intermediates.noindex/gRPC.build/Debug-iphonesimulator/gRPC_grpcWrapper.build/empty-gRPC_grpcWrapper.plist -producttype com.apple.product-type.bundle -expandbuildsettings -format binary -platform iphonesimulator -o /Users/ayushyachitransh/Library/Developer/Xcode/DerivedData/bookApp-fuwvsqbobfenvpgtholzzzggmgpg/Build/Products/Debug-iphonesimulator/gRPC_grpcWrapper.bundle/Info.plist

ProcessInfoPlistFile /Users/ayushyachitransh/Library/Developer/Xcode/DerivedData/bookApp-fuwvsqbobfenvpgtholzzzggmgpg/Build/Products/Debug-iphonesimulator/abseil_abslWrapper.bundle/Info.plist /Users/ayushyachitransh/Library/Developer/Xcode/DerivedData/bookApp-fuwvsqbobfenvpgtholzzzggmgpg/Build/Intermediates.noindex/abseil.build/Debug-iphonesimulator/abseil_abslWrapper.build/empty-abseil_abslWrapper.plist (in target 'abseil_abslWrapper' from project 'abseil')
    cd /Users/ayushyachitransh/Library/Developer/Xcode/DerivedData/bookApp-fuwvsqbobfenvpgtholzzzggmgpg/SourcePackages/checkouts/abseil-cpp-binary
    builtin-infoPlistUtility /Users/ayushyachitransh/Library/Developer/Xcode/DerivedData/bookApp-fuwvsqbobfenvpgtholzzzggmgpg/Build/Intermediates.noindex/abseil.build/Debug-iphonesimulator/abseil_abslWrapper.build/empty-abseil_abslWrapper.plist -producttype com.apple.product-type.bundle -expandbuildsettings -format binary -platform iphonesimulator -o /Users/ayushyachitransh/Library/Developer/Xcode/DerivedData/bookApp-fuwvsqbobfenvpgtholzzzggmgpg/Build/Products/Debug-iphonesimulator/abseil_abslWrapper.bundle/Info.plist

ProcessInfoPlistFile /Users/ayushyachitransh/Library/Developer/Xcode/DerivedData/bookApp-fuwvsqbobfenvpgtholzzzggmgpg/Build/Products/Debug-iphonesimulator/Promises_Promises.bundle/Info.plist /Users/ayushyachitransh/Library/Developer/Xcode/DerivedData/bookApp-fuwvsqbobfenvpgtholzzzggmgpg/Build/Intermediates.noindex/Promises.build/Debug-iphonesimulator/Promises_Promises.build/empty-Promises_Promises.plist (in target 'Promises_Promises' from project 'Promises')
    cd /Users/ayushyachitransh/Library/Developer/Xcode/DerivedData/bookApp-fuwvsqbobfenvpgtholzzzggmgpg/SourcePackages/checkouts/promises
    builtin-infoPlistUtility /Users/ayushyachitransh/Library/Developer/Xcode/DerivedData/bookApp-fuwvsqbobfenvpgtholzzzggmgpg/Build/Intermediates.noindex/Promises.build/Debug-iphonesimulator/Promises_Promises.build/empty-Promises_Promises.plist -producttype com.apple.product-type.bundle -expandbuildsettings -format binary -platform iphonesimulator -o /Users/ayushyachitransh/Library/Developer/Xcode/DerivedData/bookApp-fuwvsqbobfenvpgtholzzzggmgpg/Build/Products/Debug-iphonesimulator/Promises_Promises.bundle/Info.plist

ProcessInfoPlistFile /Users/ayushyachitransh/Library/Developer/Xcode/DerivedData/bookApp-fuwvsqbobfenvpgtholzzzggmgpg/Build/Products/Debug-iphonesimulator/nanopb_nanopb.bundle/Info.plist /Users/ayushyachitransh/Library/Developer/Xcode/DerivedData/bookApp-fuwvsqbobfenvpgtholzzzggmgpg/Build/Intermediates.noindex/nanopb.build/Debug-iphonesimulator/nanopb_nanopb.build/empty-nanopb_nanopb.plist (in target 'nanopb_nanopb' from project 'nanopb')
    cd /Users/ayushyachitransh/Library/Developer/Xcode/DerivedData/bookApp-fuwvsqbobfenvpgtholzzzggmgpg/SourcePackages/checkouts/nanopb
    builtin-infoPlistUtility /Users/ayushyachitransh/Library/Developer/Xcode/DerivedData/bookApp-fuwvsqbobfenvpgtholzzzggmgpg/Build/Intermediates.noindex/nanopb.build/Debug-iphonesimulator/nanopb_nanopb.build/empty-nanopb_nanopb.plist -producttype com.apple.product-type.bundle -expandbuildsettings -format binary -platform iphonesimulator -o /Users/ayushyachitransh/Library/Developer/Xcode/DerivedData/bookApp-fuwvsqbobfenvpgtholzzzggmgpg/Build/Products/Debug-iphonesimulator/nanopb_nanopb.bundle/Info.plist

ProcessInfoPlistFile /Users/ayushyachitransh/Library/Developer/Xcode/DerivedData/bookApp-fuwvsqbobfenvpgtholzzzggmgpg/Build/Products/Debug-iphonesimulator/Promises_FBLPromises.bundle/Info.plist /Users/ayushyachitransh/Library/Developer/Xcode/DerivedData/bookApp-fuwvsqbobfenvpgtholzzzggmgpg/Build/Intermediates.noindex/Promises.build/Debug-iphonesimulator/Promises_FBLPromises.build/empty-Promises_FBLPromises.plist (in target 'Promises_FBLPromises' from project 'Promises')
    cd /Users/ayushyachitransh/Library/Developer/Xcode/DerivedData/bookApp-fuwvsqbobfenvpgtholzzzggmgpg/SourcePackages/checkouts/promises
    builtin-infoPlistUtility /Users/ayushyachitransh/Library/Developer/Xcode/DerivedData/bookApp-fuwvsqbobfenvpgtholzzzggmgpg/Build/Intermediates.noindex/Promises.build/Debug-iphonesimulator/Promises_FBLPromises.build/empty-Promises_FBLPromises.plist -producttype com.apple.product-type.bundle -expandbuildsettings -format binary -platform iphonesimulator -o /Users/ayushyachitransh/Library/Developer/Xcode/DerivedData/bookApp-fuwvsqbobfenvpgtholzzzggmgpg/Build/Products/Debug-iphonesimulator/Promises_FBLPromises.bundle/Info.plist

ProcessInfoPlistFile /Users/ayushyachitransh/Library/Developer/Xcode/DerivedData/bookApp-fuwvsqbobfenvpgtholzzzggmgpg/Build/Products/Debug-iphonesimulator/GoogleUtilities_GoogleUtilities-UserDefaults.bundle/Info.plist /Users/ayushyachitransh/Library/Developer/Xcode/DerivedData/bookApp-fuwvsqbobfenvpgtholzzzggmgpg/Build/Intermediates.noindex/GoogleUtilities.build/Debug-iphonesimulator/GoogleUtilities_GoogleUtilities-UserDefaults.build/empty-GoogleUtilities_GoogleUtilities-UserDefaults.plist (in target 'GoogleUtilities_GoogleUtilities-UserDefaults' from project 'GoogleUtilities')
    cd /Users/ayushyachitransh/Library/Developer/Xcode/DerivedData/bookApp-fuwvsqbobfenvpgtholzzzggmgpg/SourcePackages/checkouts/GoogleUtilities
    builtin-infoPlistUtility /Users/ayushyachitransh/Library/Developer/Xcode/DerivedData/bookApp-fuwvsqbobfenvpgtholzzzggmgpg/Build/Intermediates.noindex/GoogleUtilities.build/Debug-iphonesimulator/GoogleUtilities_GoogleUtilities-UserDefaults.build/empty-GoogleUtilities_GoogleUtilities-UserDefaults.plist -producttype com.apple.product-type.bundle -expandbuildsettings -format binary -platform iphonesimulator -o /Users/ayushyachitransh/Library/Developer/Xcode/DerivedData/bookApp-fuwvsqbobfenvpgtholzzzggmgpg/Build/Products/Debug-iphonesimulator/GoogleUtilities_GoogleUtilities-UserDefaults.bundle/Info.plist

ProcessInfoPlistFile /Users/ayushyachitransh/Library/Developer/Xcode/DerivedData/bookApp-fuwvsqbobfenvpgtholzzzggmgpg/Build/Products/Debug-iphonesimulator/gRPC_grpcppWrapper.bundle/Info.plist /Users/ayushyachitransh/Library/Developer/Xcode/DerivedData/bookApp-fuwvsqbobfenvpgtholzzzggmgpg/Build/Intermediates.noindex/gRPC.build/Debug-iphonesimulator/gRPC_grpcppWrapper.build/empty-gRPC_grpcppWrapper.plist (in target 'gRPC_grpcppWrapper' from project 'gRPC')
    cd /Users/ayushyachitransh/Library/Developer/Xcode/DerivedData/bookApp-fuwvsqbobfenvpgtholzzzggmgpg/SourcePackages/checkouts/grpc-binary
    builtin-infoPlistUtility /Users/ayushyachitransh/Library/Developer/Xcode/DerivedData/bookApp-fuwvsqbobfenvpgtholzzzggmgpg/Build/Intermediates.noindex/gRPC.build/Debug-iphonesimulator/gRPC_grpcppWrapper.build/empty-gRPC_grpcppWrapper.plist -producttype com.apple.product-type.bundle -expandbuildsettings -format binary -platform iphonesimulator -o /Users/ayushyachitransh/Library/Developer/Xcode/DerivedData/bookApp-fuwvsqbobfenvpgtholzzzggmgpg/Build/Products/Debug-iphonesimulator/gRPC_grpcppWrapper.bundle/Info.plist

ProcessInfoPlistFile /Users/ayushyachitransh/Library/Developer/Xcode/DerivedData/bookApp-fuwvsqbobfenvpgtholzzzggmgpg/Build/Products/Debug-iphonesimulator/GoogleUtilities_GoogleUtilities-Reachability.bundle/Info.plist /Users/ayushyachitransh/Library/Developer/Xcode/DerivedData/bookApp-fuwvsqbobfenvpgtholzzzggmgpg/Build/Intermediates.noindex/GoogleUtilities.build/Debug-iphonesimulator/GoogleUtilities_GoogleUtilities-Reachability.build/empty-GoogleUtilities_GoogleUtilities-Reachability.plist (in target 'GoogleUtilities_GoogleUtilities-Reachability' from project 'GoogleUtilities')
    cd /Users/ayushyachitransh/Library/Developer/Xcode/DerivedData/bookApp-fuwvsqbobfenvpgtholzzzggmgpg/SourcePackages/checkouts/GoogleUtilities
    builtin-infoPlistUtility /Users/ayushyachitransh/Library/Developer/Xcode/DerivedData/bookApp-fuwvsqbobfenvpgtholzzzggmgpg/Build/Intermediates.noindex/GoogleUtilities.build/Debug-iphonesimulator/GoogleUtilities_GoogleUtilities-Reachability.build/empty-GoogleUtilities_GoogleUtilities-Reachability.plist -producttype com.apple.product-type.bundle -expandbuildsettings -format binary -platform iphonesimulator -o /Users/ayushyachitransh/Library/Developer/Xcode/DerivedData/bookApp-fuwvsqbobfenvpgtholzzzggmgpg/Build/Products/Debug-iphonesimulator/GoogleUtilities_GoogleUtilities-Reachability.bundle/Info.plist

ProcessInfoPlistFile /Users/ayushyachitransh/Library/Developer/Xcode/DerivedData/bookApp-fuwvsqbobfenvpgtholzzzggmgpg/Build/Products/Debug-iphonesimulator/GoogleUtilities_GoogleUtilities-Network.bundle/Info.plist /Users/ayushyachitransh/Library/Developer/Xcode/DerivedData/bookApp-fuwvsqbobfenvpgtholzzzggmgpg/Build/Intermediates.noindex/GoogleUtilities.build/Debug-iphonesimulator/GoogleUtilities_GoogleUtilities-Network.build/empty-GoogleUtilities_GoogleUtilities-Network.plist (in target 'GoogleUtilities_GoogleUtilities-Network' from project 'GoogleUtilities')
    cd /Users/ayushyachitransh/Library/Developer/Xcode/DerivedData/bookApp-fuwvsqbobfenvpgtholzzzggmgpg/SourcePackages/checkouts/GoogleUtilities
    builtin-infoPlistUtility /Users/ayushyachitransh/Library/Developer/Xcode/DerivedData/bookApp-fuwvsqbobfenvpgtholzzzggmgpg/Build/Intermediates.noindex/GoogleUtilities.build/Debug-iphonesimulator/GoogleUtilities_GoogleUtilities-Network.build/empty-GoogleUtilities_GoogleUtilities-Network.plist -producttype com.apple.product-type.bundle -expandbuildsettings -format binary -platform iphonesimulator -o /Users/ayushyachitransh/Library/Developer/Xcode/DerivedData/bookApp-fuwvsqbobfenvpgtholzzzggmgpg/Build/Products/Debug-iphonesimulator/GoogleUtilities_GoogleUtilities-Network.bundle/Info.plist

ProcessInfoPlistFile /Users/ayushyachitransh/Library/Developer/Xcode/DerivedData/bookApp-fuwvsqbobfenvpgtholzzzggmgpg/Build/Products/Debug-iphonesimulator/GoogleUtilities_GoogleUtilities-NSData.bundle/Info.plist /Users/ayushyachitransh/Library/Developer/Xcode/DerivedData/bookApp-fuwvsqbobfenvpgtholzzzggmgpg/Build/Intermediates.noindex/GoogleUtilities.build/Debug-iphonesimulator/GoogleUtilities_GoogleUtilities-NSData.build/empty-GoogleUtilities_GoogleUtilities-NSData.plist (in target 'GoogleUtilities_GoogleUtilities-NSData' from project 'GoogleUtilities')
    cd /Users/ayushyachitransh/Library/Developer/Xcode/DerivedData/bookApp-fuwvsqbobfenvpgtholzzzggmgpg/SourcePackages/checkouts/GoogleUtilities
    builtin-infoPlistUtility /Users/ayushyachitransh/Library/Developer/Xcode/DerivedData/bookApp-fuwvsqbobfenvpgtholzzzggmgpg/Build/Intermediates.noindex/GoogleUtilities.build/Debug-iphonesimulator/GoogleUtilities_GoogleUtilities-NSData.build/empty-GoogleUtilities_GoogleUtilities-NSData.plist -producttype com.apple.product-type.bundle -expandbuildsettings -format binary -platform iphonesimulator -o /Users/ayushyachitransh/Library/Developer/Xcode/DerivedData/bookApp-fuwvsqbobfenvpgtholzzzggmgpg/Build/Products/Debug-iphonesimulator/GoogleUtilities_GoogleUtilities-NSData.bundle/Info.plist

ProcessInfoPlistFile /Users/ayushyachitransh/Library/Developer/Xcode/DerivedData/bookApp-fuwvsqbobfenvpgtholzzzggmgpg/Build/Products/Debug-iphonesimulator/GoogleUtilities_GoogleUtilities-MethodSwizzler.bundle/Info.plist /Users/ayushyachitransh/Library/Developer/Xcode/DerivedData/bookApp-fuwvsqbobfenvpgtholzzzggmgpg/Build/Intermediates.noindex/GoogleUtilities.build/Debug-iphonesimulator/GoogleUtilities_GoogleUtilities-MethodSwizzler.build/empty-GoogleUtilities_GoogleUtilities-MethodSwizzler.plist (in target 'GoogleUtilities_GoogleUtilities-MethodSwizzler' from project 'GoogleUtilities')
    cd /Users/ayushyachitransh/Library/Developer/Xcode/DerivedData/bookApp-fuwvsqbobfenvpgtholzzzggmgpg/SourcePackages/checkouts/GoogleUtilities
    builtin-infoPlistUtility /Users/ayushyachitransh/Library/Developer/Xcode/DerivedData/bookApp-fuwvsqbobfenvpgtholzzzggmgpg/Build/Intermediates.noindex/GoogleUtilities.build/Debug-iphonesimulator/GoogleUtilities_GoogleUtilities-MethodSwizzler.build/empty-GoogleUtilities_GoogleUtilities-MethodSwizzler.plist -producttype com.apple.product-type.bundle -expandbuildsettings -format binary -platform iphonesimulator -o /Users/ayushyachitransh/Library/Developer/Xcode/DerivedData/bookApp-fuwvsqbobfenvpgtholzzzggmgpg/Build/Products/Debug-iphonesimulator/GoogleUtilities_GoogleUtilities-MethodSwizzler.bundle/Info.plist

ProcessInfoPlistFile /Users/ayushyachitransh/Library/Developer/Xcode/DerivedData/bookApp-fuwvsqbobfenvpgtholzzzggmgpg/Build/Products/Debug-iphonesimulator/GoogleUtilities_GoogleUtilities-Logger.bundle/Info.plist /Users/ayushyachitransh/Library/Developer/Xcode/DerivedData/bookApp-fuwvsqbobfenvpgtholzzzggmgpg/Build/Intermediates.noindex/GoogleUtilities.build/Debug-iphonesimulator/GoogleUtilities_GoogleUtilities-Logger.build/empty-GoogleUtilities_GoogleUtilities-Logger.plist (in target 'GoogleUtilities_GoogleUtilities-Logger' from project 'GoogleUtilities')
    cd /Users/ayushyachitransh/Library/Developer/Xcode/DerivedData/bookApp-fuwvsqbobfenvpgtholzzzggmgpg/SourcePackages/checkouts/GoogleUtilities
    builtin-infoPlistUtility /Users/ayushyachitransh/Library/Developer/Xcode/DerivedData/bookApp-fuwvsqbobfenvpgtholzzzggmgpg/Build/Intermediates.noindex/GoogleUtilities.build/Debug-iphonesimulator/GoogleUtilities_GoogleUtilities-Logger.build/empty-GoogleUtilities_GoogleUtilities-Logger.plist -producttype com.apple.product-type.bundle -expandbuildsettings -format binary -platform iphonesimulator -o /Users/ayushyachitransh/Library/Developer/Xcode/DerivedData/bookApp-fuwvsqbobfenvpgtholzzzggmgpg/Build/Products/Debug-iphonesimulator/GoogleUtilities_GoogleUtilities-Logger.bundle/Info.plist

ProcessInfoPlistFile /Users/ayushyachitransh/Library/Developer/Xcode/DerivedData/bookApp-fuwvsqbobfenvpgtholzzzggmgpg/Build/Products/Debug-iphonesimulator/GoogleUtilities_GoogleUtilities-Environment.bundle/Info.plist /Users/ayushyachitransh/Library/Developer/Xcode/DerivedData/bookApp-fuwvsqbobfenvpgtholzzzggmgpg/Build/Intermediates.noindex/GoogleUtilities.build/Debug-iphonesimulator/GoogleUtilities_GoogleUtilities-Environment.build/empty-GoogleUtilities_GoogleUtilities-Environment.plist (in target 'GoogleUtilities_GoogleUtilities-Environment' from project 'GoogleUtilities')
    cd /Users/ayushyachitransh/Library/Developer/Xcode/DerivedData/bookApp-fuwvsqbobfenvpgtholzzzggmgpg/SourcePackages/checkouts/GoogleUtilities
    builtin-infoPlistUtility /Users/ayushyachitransh/Library/Developer/Xcode/DerivedData/bookApp-fuwvsqbobfenvpgtholzzzggmgpg/Build/Intermediates.noindex/GoogleUtilities.build/Debug-iphonesimulator/GoogleUtilities_GoogleUtilities-Environment.build/empty-GoogleUtilities_GoogleUtilities-Environment.plist -producttype com.apple.product-type.bundle -expandbuildsettings -format binary -platform iphonesimulator -o /Users/ayushyachitransh/Library/Developer/Xcode/DerivedData/bookApp-fuwvsqbobfenvpgtholzzzggmgpg/Build/Products/Debug-iphonesimulator/GoogleUtilities_GoogleUtilities-Environment.bundle/Info.plist

ProcessInfoPlistFile /Users/ayushyachitransh/Library/Developer/Xcode/DerivedData/bookApp-fuwvsqbobfenvpgtholzzzggmgpg/Build/Products/Debug-iphonesimulator/GoogleUtilities_GoogleUtilities-AppDelegateSwizzler.bundle/Info.plist /Users/ayushyachitransh/Library/Developer/Xcode/DerivedData/bookApp-fuwvsqbobfenvpgtholzzzggmgpg/Build/Intermediates.noindex/GoogleUtilities.build/Debug-iphonesimulator/GoogleUtilities_GoogleUtilities-AppDelegateSwizzler.build/empty-GoogleUtilities_GoogleUtilities-AppDelegateSwizzler.plist (in target 'GoogleUtilities_GoogleUtilities-AppDelegateSwizzler' from project 'GoogleUtilities')
    cd /Users/ayushyachitransh/Library/Developer/Xcode/DerivedData/bookApp-fuwvsqbobfenvpgtholzzzggmgpg/SourcePackages/checkouts/GoogleUtilities
    builtin-infoPlistUtility /Users/ayushyachitransh/Library/Developer/Xcode/DerivedData/bookApp-fuwvsqbobfenvpgtholzzzggmgpg/Build/Intermediates.noindex/GoogleUtilities.build/Debug-iphonesimulator/GoogleUtilities_GoogleUtilities-AppDelegateSwizzler.build/empty-GoogleUtilities_GoogleUtilities-AppDelegateSwizzler.plist -producttype com.apple.product-type.bundle -expandbuildsettings -format binary -platform iphonesimulator -o /Users/ayushyachitransh/Library/Developer/Xcode/DerivedData/bookApp-fuwvsqbobfenvpgtholzzzggmgpg/Build/Products/Debug-iphonesimulator/GoogleUtilities_GoogleUtilities-AppDelegateSwizzler.bundle/Info.plist

ProcessInfoPlistFile /Users/ayushyachitransh/Library/Developer/Xcode/DerivedData/bookApp-fuwvsqbobfenvpgtholzzzggmgpg/Build/Products/Debug-iphonesimulator/GoogleSignIn_GoogleSignInSwift.bundle/Info.plist /Users/ayushyachitransh/Library/Developer/Xcode/DerivedData/bookApp-fuwvsqbobfenvpgtholzzzggmgpg/Build/Intermediates.noindex/GoogleSignIn.build/Debug-iphonesimulator/GoogleSignIn_GoogleSignInSwift.build/empty-GoogleSignIn_GoogleSignInSwift.plist (in target 'GoogleSignIn_GoogleSignInSwift' from project 'GoogleSignIn')
    cd /Users/ayushyachitransh/Library/Developer/Xcode/DerivedData/bookApp-fuwvsqbobfenvpgtholzzzggmgpg/SourcePackages/checkouts/GoogleSignIn-iOS
    builtin-infoPlistUtility /Users/ayushyachitransh/Library/Developer/Xcode/DerivedData/bookApp-fuwvsqbobfenvpgtholzzzggmgpg/Build/Intermediates.noindex/GoogleSignIn.build/Debug-iphonesimulator/GoogleSignIn_GoogleSignInSwift.build/empty-GoogleSignIn_GoogleSignInSwift.plist -producttype com.apple.product-type.bundle -expandbuildsettings -format binary -platform iphonesimulator -o /Users/ayushyachitransh/Library/Developer/Xcode/DerivedData/bookApp-fuwvsqbobfenvpgtholzzzggmgpg/Build/Products/Debug-iphonesimulator/GoogleSignIn_GoogleSignInSwift.bundle/Info.plist

ProcessInfoPlistFile /Users/ayushyachitransh/Library/Developer/Xcode/DerivedData/bookApp-fuwvsqbobfenvpgtholzzzggmgpg/Build/Products/Debug-iphonesimulator/GoogleSignIn_GoogleSignIn.bundle/Info.plist /Users/ayushyachitransh/Library/Developer/Xcode/DerivedData/bookApp-fuwvsqbobfenvpgtholzzzggmgpg/Build/Intermediates.noindex/GoogleSignIn.build/Debug-iphonesimulator/GoogleSignIn_GoogleSignIn.build/empty-GoogleSignIn_GoogleSignIn.plist (in target 'GoogleSignIn_GoogleSignIn' from project 'GoogleSignIn')
    cd /Users/ayushyachitransh/Library/Developer/Xcode/DerivedData/bookApp-fuwvsqbobfenvpgtholzzzggmgpg/SourcePackages/checkouts/GoogleSignIn-iOS
    builtin-infoPlistUtility /Users/ayushyachitransh/Library/Developer/Xcode/DerivedData/bookApp-fuwvsqbobfenvpgtholzzzggmgpg/Build/Intermediates.noindex/GoogleSignIn.build/Debug-iphonesimulator/GoogleSignIn_GoogleSignIn.build/empty-GoogleSignIn_GoogleSignIn.plist -producttype com.apple.product-type.bundle -expandbuildsettings -format binary -platform iphonesimulator -o /Users/ayushyachitransh/Library/Developer/Xcode/DerivedData/bookApp-fuwvsqbobfenvpgtholzzzggmgpg/Build/Products/Debug-iphonesimulator/GoogleSignIn_GoogleSignIn.bundle/Info.plist

ProcessInfoPlistFile /Users/ayushyachitransh/Library/Developer/Xcode/DerivedData/bookApp-fuwvsqbobfenvpgtholzzzggmgpg/Build/Products/Debug-iphonesimulator/GoogleDataTransport_GoogleDataTransport.bundle/Info.plist /Users/ayushyachitransh/Library/Developer/Xcode/DerivedData/bookApp-fuwvsqbobfenvpgtholzzzggmgpg/Build/Intermediates.noindex/GoogleDataTransport.build/Debug-iphonesimulator/GoogleDataTransport_GoogleDataTransport.build/empty-GoogleDataTransport_GoogleDataTransport.plist (in target 'GoogleDataTransport_GoogleDataTransport' from project 'GoogleDataTransport')
    cd /Users/ayushyachitransh/Library/Developer/Xcode/DerivedData/bookApp-fuwvsqbobfenvpgtholzzzggmgpg/SourcePackages/checkouts/GoogleDataTransport
    builtin-infoPlistUtility /Users/ayushyachitransh/Library/Developer/Xcode/DerivedData/bookApp-fuwvsqbobfenvpgtholzzzggmgpg/Build/Intermediates.noindex/GoogleDataTransport.build/Debug-iphonesimulator/GoogleDataTransport_GoogleDataTransport.build/empty-GoogleDataTransport_GoogleDataTransport.plist -producttype com.apple.product-type.bundle -expandbuildsettings -format binary -platform iphonesimulator -o /Users/ayushyachitransh/Library/Developer/Xcode/DerivedData/bookApp-fuwvsqbobfenvpgtholzzzggmgpg/Build/Products/Debug-iphonesimulator/GoogleDataTransport_GoogleDataTransport.bundle/Info.plist

ProcessInfoPlistFile /Users/ayushyachitransh/Library/Developer/Xcode/DerivedData/bookApp-fuwvsqbobfenvpgtholzzzggmgpg/Build/Products/Debug-iphonesimulator/GTMSessionFetcher_GTMSessionFetcherCore.bundle/Info.plist /Users/ayushyachitransh/Library/Developer/Xcode/DerivedData/bookApp-fuwvsqbobfenvpgtholzzzggmgpg/Build/Intermediates.noindex/GTMSessionFetcher.build/Debug-iphonesimulator/GTMSessionFetcher_GTMSessionFetcherCore.build/empty-GTMSessionFetcher_GTMSessionFetcherCore.plist (in target 'GTMSessionFetcher_GTMSessionFetcherCore' from project 'GTMSessionFetcher')
    cd /Users/ayushyachitransh/Library/Developer/Xcode/DerivedData/bookApp-fuwvsqbobfenvpgtholzzzggmgpg/SourcePackages/checkouts/gtm-session-fetcher
    builtin-infoPlistUtility /Users/ayushyachitransh/Library/Developer/Xcode/DerivedData/bookApp-fuwvsqbobfenvpgtholzzzggmgpg/Build/Intermediates.noindex/GTMSessionFetcher.build/Debug-iphonesimulator/GTMSessionFetcher_GTMSessionFetcherCore.build/empty-GTMSessionFetcher_GTMSessionFetcherCore.plist -producttype com.apple.product-type.bundle -expandbuildsettings -format binary -platform iphonesimulator -o /Users/ayushyachitransh/Library/Developer/Xcode/DerivedData/bookApp-fuwvsqbobfenvpgtholzzzggmgpg/Build/Products/Debug-iphonesimulator/GTMSessionFetcher_GTMSessionFetcherCore.bundle/Info.plist

ProcessInfoPlistFile /Users/ayushyachitransh/Library/Developer/Xcode/DerivedData/bookApp-fuwvsqbobfenvpgtholzzzggmgpg/Build/Products/Debug-iphonesimulator/GTMAppAuth_GTMAppAuth.bundle/Info.plist /Users/ayushyachitransh/Library/Developer/Xcode/DerivedData/bookApp-fuwvsqbobfenvpgtholzzzggmgpg/Build/Intermediates.noindex/GTMAppAuth.build/Debug-iphonesimulator/GTMAppAuth_GTMAppAuth.build/empty-GTMAppAuth_GTMAppAuth.plist (in target 'GTMAppAuth_GTMAppAuth' from project 'GTMAppAuth')
    cd /Users/ayushyachitransh/Library/Developer/Xcode/DerivedData/bookApp-fuwvsqbobfenvpgtholzzzggmgpg/SourcePackages/checkouts/GTMAppAuth
    builtin-infoPlistUtility /Users/ayushyachitransh/Library/Developer/Xcode/DerivedData/bookApp-fuwvsqbobfenvpgtholzzzggmgpg/Build/Intermediates.noindex/GTMAppAuth.build/Debug-iphonesimulator/GTMAppAuth_GTMAppAuth.build/empty-GTMAppAuth_GTMAppAuth.plist -producttype com.apple.product-type.bundle -expandbuildsettings -format binary -platform iphonesimulator -o /Users/ayushyachitransh/Library/Developer/Xcode/DerivedData/bookApp-fuwvsqbobfenvpgtholzzzggmgpg/Build/Products/Debug-iphonesimulator/GTMAppAuth_GTMAppAuth.bundle/Info.plist

ProcessInfoPlistFile /Users/ayushyachitransh/Library/Developer/Xcode/DerivedData/bookApp-fuwvsqbobfenvpgtholzzzggmgpg/Build/Products/Debug-iphonesimulator/Firebase_FirebaseRemoteConfig.bundle/Info.plist /Users/ayushyachitransh/Library/Developer/Xcode/DerivedData/bookApp-fuwvsqbobfenvpgtholzzzggmgpg/Build/Intermediates.noindex/Firebase.build/Debug-iphonesimulator/Firebase_FirebaseRemoteConfig.build/empty-Firebase_FirebaseRemoteConfig.plist (in target 'Firebase_FirebaseRemoteConfig' from project 'Firebase')
    cd /Users/ayushyachitransh/Library/Developer/Xcode/DerivedData/bookApp-fuwvsqbobfenvpgtholzzzggmgpg/SourcePackages/checkouts/firebase-ios-sdk
    builtin-infoPlistUtility /Users/ayushyachitransh/Library/Developer/Xcode/DerivedData/bookApp-fuwvsqbobfenvpgtholzzzggmgpg/Build/Intermediates.noindex/Firebase.build/Debug-iphonesimulator/Firebase_FirebaseRemoteConfig.build/empty-Firebase_FirebaseRemoteConfig.plist -producttype com.apple.product-type.bundle -expandbuildsettings -format binary -platform iphonesimulator -o /Users/ayushyachitransh/Library/Developer/Xcode/DerivedData/bookApp-fuwvsqbobfenvpgtholzzzggmgpg/Build/Products/Debug-iphonesimulator/Firebase_FirebaseRemoteConfig.bundle/Info.plist

ProcessInfoPlistFile /Users/ayushyachitransh/Library/Developer/Xcode/DerivedData/bookApp-fuwvsqbobfenvpgtholzzzggmgpg/Build/Products/Debug-iphonesimulator/Firebase_FirebaseMessaging.bundle/Info.plist /Users/ayushyachitransh/Library/Developer/Xcode/DerivedData/bookApp-fuwvsqbobfenvpgtholzzzggmgpg/Build/Intermediates.noindex/Firebase.build/Debug-iphonesimulator/Firebase_FirebaseMessaging.build/empty-Firebase_FirebaseMessaging.plist (in target 'Firebase_FirebaseMessaging' from project 'Firebase')
    cd /Users/ayushyachitransh/Library/Developer/Xcode/DerivedData/bookApp-fuwvsqbobfenvpgtholzzzggmgpg/SourcePackages/checkouts/firebase-ios-sdk
    builtin-infoPlistUtility /Users/ayushyachitransh/Library/Developer/Xcode/DerivedData/bookApp-fuwvsqbobfenvpgtholzzzggmgpg/Build/Intermediates.noindex/Firebase.build/Debug-iphonesimulator/Firebase_FirebaseMessaging.build/empty-Firebase_FirebaseMessaging.plist -producttype com.apple.product-type.bundle -expandbuildsettings -format binary -platform iphonesimulator -o /Users/ayushyachitransh/Library/Developer/Xcode/DerivedData/bookApp-fuwvsqbobfenvpgtholzzzggmgpg/Build/Products/Debug-iphonesimulator/Firebase_FirebaseMessaging.bundle/Info.plist

ProcessInfoPlistFile /Users/ayushyachitransh/Library/Developer/Xcode/DerivedData/bookApp-fuwvsqbobfenvpgtholzzzggmgpg/Build/Products/Debug-iphonesimulator/Firebase_FirebaseInstallations.bundle/Info.plist /Users/ayushyachitransh/Library/Developer/Xcode/DerivedData/bookApp-fuwvsqbobfenvpgtholzzzggmgpg/Build/Intermediates.noindex/Firebase.build/Debug-iphonesimulator/Firebase_FirebaseInstallations.build/empty-Firebase_FirebaseInstallations.plist (in target 'Firebase_FirebaseInstallations' from project 'Firebase')
    cd /Users/ayushyachitransh/Library/Developer/Xcode/DerivedData/bookApp-fuwvsqbobfenvpgtholzzzggmgpg/SourcePackages/checkouts/firebase-ios-sdk
    builtin-infoPlistUtility /Users/ayushyachitransh/Library/Developer/Xcode/DerivedData/bookApp-fuwvsqbobfenvpgtholzzzggmgpg/Build/Intermediates.noindex/Firebase.build/Debug-iphonesimulator/Firebase_FirebaseInstallations.build/empty-Firebase_FirebaseInstallations.plist -producttype com.apple.product-type.bundle -expandbuildsettings -format binary -platform iphonesimulator -o /Users/ayushyachitransh/Library/Developer/Xcode/DerivedData/bookApp-fuwvsqbobfenvpgtholzzzggmgpg/Build/Products/Debug-iphonesimulator/Firebase_FirebaseInstallations.bundle/Info.plist

ProcessInfoPlistFile /Users/ayushyachitransh/Library/Developer/Xcode/DerivedData/bookApp-fuwvsqbobfenvpgtholzzzggmgpg/Build/Products/Debug-iphonesimulator/Firebase_FirebaseInAppMessaging_iOS.bundle/Info.plist /Users/ayushyachitransh/Library/Developer/Xcode/DerivedData/bookApp-fuwvsqbobfenvpgtholzzzggmgpg/Build/Intermediates.noindex/Firebase.build/Debug-iphonesimulator/Firebase_FirebaseInAppMessaging_iOS.build/empty-Firebase_FirebaseInAppMessaging_iOS.plist (in target 'Firebase_FirebaseInAppMessaging_iOS' from project 'Firebase')
    cd /Users/ayushyachitransh/Library/Developer/Xcode/DerivedData/bookApp-fuwvsqbobfenvpgtholzzzggmgpg/SourcePackages/checkouts/firebase-ios-sdk
    builtin-infoPlistUtility /Users/ayushyachitransh/Library/Developer/Xcode/DerivedData/bookApp-fuwvsqbobfenvpgtholzzzggmgpg/Build/Intermediates.noindex/Firebase.build/Debug-iphonesimulator/Firebase_FirebaseInAppMessaging_iOS.build/empty-Firebase_FirebaseInAppMessaging_iOS.plist -producttype com.apple.product-type.bundle -expandbuildsettings -format binary -platform iphonesimulator -additionalcontentfile /Users/ayushyachitransh/Library/Developer/Xcode/DerivedData/bookApp-fuwvsqbobfenvpgtholzzzggmgpg/Build/Intermediates.noindex/Firebase.build/Debug-iphonesimulator/Firebase_FirebaseInAppMessaging_iOS.build/FIRInAppMessageDisplayStoryboard-SBPartialInfo.plist -o /Users/ayushyachitransh/Library/Developer/Xcode/DerivedData/bookApp-fuwvsqbobfenvpgtholzzzggmgpg/Build/Products/Debug-iphonesimulator/Firebase_FirebaseInAppMessaging_iOS.bundle/Info.plist

ProcessInfoPlistFile /Users/ayushyachitransh/Library/Developer/Xcode/DerivedData/bookApp-fuwvsqbobfenvpgtholzzzggmgpg/Build/Products/Debug-iphonesimulator/Firebase_FirebaseFirestore.bundle/Info.plist /Users/ayushyachitransh/Library/Developer/Xcode/DerivedData/bookApp-fuwvsqbobfenvpgtholzzzggmgpg/Build/Intermediates.noindex/Firebase.build/Debug-iphonesimulator/Firebase_FirebaseFirestore.build/empty-Firebase_FirebaseFirestore.plist (in target 'Firebase_FirebaseFirestore' from project 'Firebase')
    cd /Users/ayushyachitransh/Library/Developer/Xcode/DerivedData/bookApp-fuwvsqbobfenvpgtholzzzggmgpg/SourcePackages/checkouts/firebase-ios-sdk
    builtin-infoPlistUtility /Users/ayushyachitransh/Library/Developer/Xcode/DerivedData/bookApp-fuwvsqbobfenvpgtholzzzggmgpg/Build/Intermediates.noindex/Firebase.build/Debug-iphonesimulator/Firebase_FirebaseFirestore.build/empty-Firebase_FirebaseFirestore.plist -producttype com.apple.product-type.bundle -expandbuildsettings -format binary -platform iphonesimulator -o /Users/ayushyachitransh/Library/Developer/Xcode/DerivedData/bookApp-fuwvsqbobfenvpgtholzzzggmgpg/Build/Products/Debug-iphonesimulator/Firebase_FirebaseFirestore.bundle/Info.plist

ProcessInfoPlistFile /Users/ayushyachitransh/Library/Developer/Xcode/DerivedData/bookApp-fuwvsqbobfenvpgtholzzzggmgpg/Build/Products/Debug-iphonesimulator/Firebase_FirebaseCrashlyticsSwift.bundle/Info.plist /Users/ayushyachitransh/Library/Developer/Xcode/DerivedData/bookApp-fuwvsqbobfenvpgtholzzzggmgpg/Build/Intermediates.noindex/Firebase.build/Debug-iphonesimulator/Firebase_FirebaseCrashlyticsSwift.build/empty-Firebase_FirebaseCrashlyticsSwift.plist (in target 'Firebase_FirebaseCrashlyticsSwift' from project 'Firebase')
    cd /Users/ayushyachitransh/Library/Developer/Xcode/DerivedData/bookApp-fuwvsqbobfenvpgtholzzzggmgpg/SourcePackages/checkouts/firebase-ios-sdk
    builtin-infoPlistUtility /Users/ayushyachitransh/Library/Developer/Xcode/DerivedData/bookApp-fuwvsqbobfenvpgtholzzzggmgpg/Build/Intermediates.noindex/Firebase.build/Debug-iphonesimulator/Firebase_FirebaseCrashlyticsSwift.build/empty-Firebase_FirebaseCrashlyticsSwift.plist -producttype com.apple.product-type.bundle -expandbuildsettings -format binary -platform iphonesimulator -o /Users/ayushyachitransh/Library/Developer/Xcode/DerivedData/bookApp-fuwvsqbobfenvpgtholzzzggmgpg/Build/Products/Debug-iphonesimulator/Firebase_FirebaseCrashlyticsSwift.bundle/Info.plist

ProcessInfoPlistFile /Users/ayushyachitransh/Library/Developer/Xcode/DerivedData/bookApp-fuwvsqbobfenvpgtholzzzggmgpg/Build/Products/Debug-iphonesimulator/Firebase_FirebaseCrashlytics.bundle/Info.plist /Users/ayushyachitransh/Library/Developer/Xcode/DerivedData/bookApp-fuwvsqbobfenvpgtholzzzggmgpg/Build/Intermediates.noindex/Firebase.build/Debug-iphonesimulator/Firebase_FirebaseCrashlytics.build/empty-Firebase_FirebaseCrashlytics.plist (in target 'Firebase_FirebaseCrashlytics' from project 'Firebase')
    cd /Users/ayushyachitransh/Library/Developer/Xcode/DerivedData/bookApp-fuwvsqbobfenvpgtholzzzggmgpg/SourcePackages/checkouts/firebase-ios-sdk
    builtin-infoPlistUtility /Users/ayushyachitransh/Library/Developer/Xcode/DerivedData/bookApp-fuwvsqbobfenvpgtholzzzggmgpg/Build/Intermediates.noindex/Firebase.build/Debug-iphonesimulator/Firebase_FirebaseCrashlytics.build/empty-Firebase_FirebaseCrashlytics.plist -producttype com.apple.product-type.bundle -expandbuildsettings -format binary -platform iphonesimulator -o /Users/ayushyachitransh/Library/Developer/Xcode/DerivedData/bookApp-fuwvsqbobfenvpgtholzzzggmgpg/Build/Products/Debug-iphonesimulator/Firebase_FirebaseCrashlytics.bundle/Info.plist

ProcessInfoPlistFile /Users/ayushyachitransh/Library/Developer/Xcode/DerivedData/bookApp-fuwvsqbobfenvpgtholzzzggmgpg/Build/Products/Debug-iphonesimulator/Firebase_FirebaseCoreInternal.bundle/Info.plist /Users/ayushyachitransh/Library/Developer/Xcode/DerivedData/bookApp-fuwvsqbobfenvpgtholzzzggmgpg/Build/Intermediates.noindex/Firebase.build/Debug-iphonesimulator/Firebase_FirebaseCoreInternal.build/empty-Firebase_FirebaseCoreInternal.plist (in target 'Firebase_FirebaseCoreInternal' from project 'Firebase')
    cd /Users/ayushyachitransh/Library/Developer/Xcode/DerivedData/bookApp-fuwvsqbobfenvpgtholzzzggmgpg/SourcePackages/checkouts/firebase-ios-sdk
    builtin-infoPlistUtility /Users/ayushyachitransh/Library/Developer/Xcode/DerivedData/bookApp-fuwvsqbobfenvpgtholzzzggmgpg/Build/Intermediates.noindex/Firebase.build/Debug-iphonesimulator/Firebase_FirebaseCoreInternal.build/empty-Firebase_FirebaseCoreInternal.plist -producttype com.apple.product-type.bundle -expandbuildsettings -format binary -platform iphonesimulator -o /Users/ayushyachitransh/Library/Developer/Xcode/DerivedData/bookApp-fuwvsqbobfenvpgtholzzzggmgpg/Build/Products/Debug-iphonesimulator/Firebase_FirebaseCoreInternal.bundle/Info.plist

ProcessInfoPlistFile /Users/ayushyachitransh/Library/Developer/Xcode/DerivedData/bookApp-fuwvsqbobfenvpgtholzzzggmgpg/Build/Products/Debug-iphonesimulator/Firebase_FirebaseCoreExtension.bundle/Info.plist /Users/ayushyachitransh/Library/Developer/Xcode/DerivedData/bookApp-fuwvsqbobfenvpgtholzzzggmgpg/Build/Intermediates.noindex/Firebase.build/Debug-iphonesimulator/Firebase_FirebaseCoreExtension.build/empty-Firebase_FirebaseCoreExtension.plist (in target 'Firebase_FirebaseCoreExtension' from project 'Firebase')
    cd /Users/ayushyachitransh/Library/Developer/Xcode/DerivedData/bookApp-fuwvsqbobfenvpgtholzzzggmgpg/SourcePackages/checkouts/firebase-ios-sdk
    builtin-infoPlistUtility /Users/ayushyachitransh/Library/Developer/Xcode/DerivedData/bookApp-fuwvsqbobfenvpgtholzzzggmgpg/Build/Intermediates.noindex/Firebase.build/Debug-iphonesimulator/Firebase_FirebaseCoreExtension.build/empty-Firebase_FirebaseCoreExtension.plist -producttype com.apple.product-type.bundle -expandbuildsettings -format binary -platform iphonesimulator -o /Users/ayushyachitransh/Library/Developer/Xcode/DerivedData/bookApp-fuwvsqbobfenvpgtholzzzggmgpg/Build/Products/Debug-iphonesimulator/Firebase_FirebaseCoreExtension.bundle/Info.plist

ProcessInfoPlistFile /Users/ayushyachitransh/Library/Developer/Xcode/DerivedData/bookApp-fuwvsqbobfenvpgtholzzzggmgpg/Build/Products/Debug-iphonesimulator/Firebase_FirebaseCore.bundle/Info.plist /Users/ayushyachitransh/Library/Developer/Xcode/DerivedData/bookApp-fuwvsqbobfenvpgtholzzzggmgpg/Build/Intermediates.noindex/Firebase.build/Debug-iphonesimulator/Firebase_FirebaseCore.build/empty-Firebase_FirebaseCore.plist (in target 'Firebase_FirebaseCore' from project 'Firebase')
    cd /Users/ayushyachitransh/Library/Developer/Xcode/DerivedData/bookApp-fuwvsqbobfenvpgtholzzzggmgpg/SourcePackages/checkouts/firebase-ios-sdk
    builtin-infoPlistUtility /Users/ayushyachitransh/Library/Developer/Xcode/DerivedData/bookApp-fuwvsqbobfenvpgtholzzzggmgpg/Build/Intermediates.noindex/Firebase.build/Debug-iphonesimulator/Firebase_FirebaseCore.build/empty-Firebase_FirebaseCore.plist -producttype com.apple.product-type.bundle -expandbuildsettings -format binary -platform iphonesimulator -o /Users/ayushyachitransh/Library/Developer/Xcode/DerivedData/bookApp-fuwvsqbobfenvpgtholzzzggmgpg/Build/Products/Debug-iphonesimulator/Firebase_FirebaseCore.bundle/Info.plist

ProcessInfoPlistFile /Users/ayushyachitransh/Library/Developer/Xcode/DerivedData/bookApp-fuwvsqbobfenvpgtholzzzggmgpg/Build/Products/Debug-iphonesimulator/Firebase_FirebaseAuth.bundle/Info.plist /Users/ayushyachitransh/Library/Developer/Xcode/DerivedData/bookApp-fuwvsqbobfenvpgtholzzzggmgpg/Build/Intermediates.noindex/Firebase.build/Debug-iphonesimulator/Firebase_FirebaseAuth.build/empty-Firebase_FirebaseAuth.plist (in target 'Firebase_FirebaseAuth' from project 'Firebase')
    cd /Users/ayushyachitransh/Library/Developer/Xcode/DerivedData/bookApp-fuwvsqbobfenvpgtholzzzggmgpg/SourcePackages/checkouts/firebase-ios-sdk
    builtin-infoPlistUtility /Users/ayushyachitransh/Library/Developer/Xcode/DerivedData/bookApp-fuwvsqbobfenvpgtholzzzggmgpg/Build/Intermediates.noindex/Firebase.build/Debug-iphonesimulator/Firebase_FirebaseAuth.build/empty-Firebase_FirebaseAuth.plist -producttype com.apple.product-type.bundle -expandbuildsettings -format binary -platform iphonesimulator -o /Users/ayushyachitransh/Library/Developer/Xcode/DerivedData/bookApp-fuwvsqbobfenvpgtholzzzggmgpg/Build/Products/Debug-iphonesimulator/Firebase_FirebaseAuth.bundle/Info.plist

ProcessInfoPlistFile /Users/ayushyachitransh/Library/Developer/Xcode/DerivedData/bookApp-fuwvsqbobfenvpgtholzzzggmgpg/Build/Products/Debug-iphonesimulator/Firebase_FirebaseABTesting.bundle/Info.plist /Users/ayushyachitransh/Library/Developer/Xcode/DerivedData/bookApp-fuwvsqbobfenvpgtholzzzggmgpg/Build/Intermediates.noindex/Firebase.build/Debug-iphonesimulator/Firebase_FirebaseABTesting.build/empty-Firebase_FirebaseABTesting.plist (in target 'Firebase_FirebaseABTesting' from project 'Firebase')
    cd /Users/ayushyachitransh/Library/Developer/Xcode/DerivedData/bookApp-fuwvsqbobfenvpgtholzzzggmgpg/SourcePackages/checkouts/firebase-ios-sdk
    builtin-infoPlistUtility /Users/ayushyachitransh/Library/Developer/Xcode/DerivedData/bookApp-fuwvsqbobfenvpgtholzzzggmgpg/Build/Intermediates.noindex/Firebase.build/Debug-iphonesimulator/Firebase_FirebaseABTesting.build/empty-Firebase_FirebaseABTesting.plist -producttype com.apple.product-type.bundle -expandbuildsettings -format binary -platform iphonesimulator -o /Users/ayushyachitransh/Library/Developer/Xcode/DerivedData/bookApp-fuwvsqbobfenvpgtholzzzggmgpg/Build/Products/Debug-iphonesimulator/Firebase_FirebaseABTesting.bundle/Info.plist

ProcessInfoPlistFile /Users/ayushyachitransh/Library/Developer/Xcode/DerivedData/bookApp-fuwvsqbobfenvpgtholzzzggmgpg/Build/Products/Debug-iphonesimulator/AppAuth_AppAuthCore.bundle/Info.plist /Users/ayushyachitransh/Library/Developer/Xcode/DerivedData/bookApp-fuwvsqbobfenvpgtholzzzggmgpg/Build/Intermediates.noindex/AppAuth.build/Debug-iphonesimulator/AppAuth_AppAuthCore.build/empty-AppAuth_AppAuthCore.plist (in target 'AppAuth_AppAuthCore' from project 'AppAuth')
    cd /Users/ayushyachitransh/Library/Developer/Xcode/DerivedData/bookApp-fuwvsqbobfenvpgtholzzzggmgpg/SourcePackages/checkouts/AppAuth-iOS
    builtin-infoPlistUtility /Users/ayushyachitransh/Library/Developer/Xcode/DerivedData/bookApp-fuwvsqbobfenvpgtholzzzggmgpg/Build/Intermediates.noindex/AppAuth.build/Debug-iphonesimulator/AppAuth_AppAuthCore.build/empty-AppAuth_AppAuthCore.plist -producttype com.apple.product-type.bundle -expandbuildsettings -format binary -platform iphonesimulator -o /Users/ayushyachitransh/Library/Developer/Xcode/DerivedData/bookApp-fuwvsqbobfenvpgtholzzzggmgpg/Build/Products/Debug-iphonesimulator/AppAuth_AppAuthCore.bundle/Info.plist

ProcessInfoPlistFile /Users/ayushyachitransh/Library/Developer/Xcode/DerivedData/bookApp-fuwvsqbobfenvpgtholzzzggmgpg/Build/Products/Debug-iphonesimulator/AppAuth_AppAuth.bundle/Info.plist /Users/ayushyachitransh/Library/Developer/Xcode/DerivedData/bookApp-fuwvsqbobfenvpgtholzzzggmgpg/Build/Intermediates.noindex/AppAuth.build/Debug-iphonesimulator/AppAuth_AppAuth.build/empty-AppAuth_AppAuth.plist (in target 'AppAuth_AppAuth' from project 'AppAuth')
    cd /Users/ayushyachitransh/Library/Developer/Xcode/DerivedData/bookApp-fuwvsqbobfenvpgtholzzzggmgpg/SourcePackages/checkouts/AppAuth-iOS
    builtin-infoPlistUtility /Users/ayushyachitransh/Library/Developer/Xcode/DerivedData/bookApp-fuwvsqbobfenvpgtholzzzggmgpg/Build/Intermediates.noindex/AppAuth.build/Debug-iphonesimulator/AppAuth_AppAuth.build/empty-AppAuth_AppAuth.plist -producttype com.apple.product-type.bundle -expandbuildsettings -format binary -platform iphonesimulator -o /Users/ayushyachitransh/Library/Developer/Xcode/DerivedData/bookApp-fuwvsqbobfenvpgtholzzzggmgpg/Build/Products/Debug-iphonesimulator/AppAuth_AppAuth.bundle/Info.plist

ProcessProductPackaging "" /Users/ayushyachitransh/Library/Developer/Xcode/DerivedData/bookApp-fuwvsqbobfenvpgtholzzzggmgpg/Build/Intermediates.noindex/bookApp.build/Debug-iphonesimulator/bookApp.build/bookApp.app-Simulated.xcent (in target 'bookApp' from project 'bookApp')
    cd /Users/ayushyachitransh/development/bookstore/bookApp/bookApp
    
    Entitlements:
    
    {
    "application-identifier" = "PY2J52VAJN.com.zenithTechsphere.bookApp";
}
    
    builtin-productPackagingUtility -entitlements -format xml -o /Users/ayushyachitransh/Library/Developer/Xcode/DerivedData/bookApp-fuwvsqbobfenvpgtholzzzggmgpg/Build/Intermediates.noindex/bookApp.build/Debug-iphonesimulator/bookApp.build/bookApp.app-Simulated.xcent

ProcessProductPackagingDER /Users/ayushyachitransh/Library/Developer/Xcode/DerivedData/bookApp-fuwvsqbobfenvpgtholzzzggmgpg/Build/Intermediates.noindex/bookApp.build/Debug-iphonesimulator/bookApp.build/bookApp.app-Simulated.xcent /Users/ayushyachitransh/Library/Developer/Xcode/DerivedData/bookApp-fuwvsqbobfenvpgtholzzzggmgpg/Build/Intermediates.noindex/bookApp.build/Debug-iphonesimulator/bookApp.build/bookApp.app-Simulated.xcent.der (in target 'bookApp' from project 'bookApp')
    cd /Users/ayushyachitransh/development/bookstore/bookApp/bookApp
    /usr/bin/derq query -f xml -i /Users/ayushyachitransh/Library/Developer/Xcode/DerivedData/bookApp-fuwvsqbobfenvpgtholzzzggmgpg/Build/Intermediates.noindex/bookApp.build/Debug-iphonesimulator/bookApp.build/bookApp.app-Simulated.xcent -o /Users/ayushyachitransh/Library/Developer/Xcode/DerivedData/bookApp-fuwvsqbobfenvpgtholzzzggmgpg/Build/Intermediates.noindex/bookApp.build/Debug-iphonesimulator/bookApp.build/bookApp.app-Simulated.xcent.der --raw

SwiftDriver bookApp normal arm64 com.apple.xcode.tools.swift.compiler (in target 'bookApp' from project 'bookApp')
    cd /Users/ayushyachitransh/development/bookstore/bookApp/bookApp
    builtin-SwiftDriver -- /Applications/Xcode.app/Contents/Developer/Toolchains/XcodeDefault.xctoolchain/usr/bin/swiftc -module-name bookApp -Onone -enforce-exclusivity\=checked @/Users/ayushyachitransh/Library/Developer/Xcode/DerivedData/bookApp-fuwvsqbobfenvpgtholzzzggmgpg/Build/Intermediates.noindex/bookApp.build/Debug-iphonesimulator/bookApp.build/Objects-normal/arm64/bookApp.SwiftFileList -DDEBUG -Xcc -fmodule-map-file\=/Users/ayushyachitransh/Library/Developer/Xcode/DerivedData/bookApp-fuwvsqbobfenvpgtholzzzggmgpg/Build/Intermediates.noindex/GeneratedModuleMaps-iphonesimulator/FirebaseAppCheck.modulemap -Xcc -fmodule-map-file\=/Users/ayushyachitransh/Library/Developer/Xcode/DerivedData/bookApp-fuwvsqbobfenvpgtholzzzggmgpg/Build/Intermediates.noindex/GeneratedModuleMaps-iphonesimulator/GoogleAppMeasurementCoreTarget.modulemap -Xcc -fmodule-map-file\=/Users/ayushyachitransh/Library/Developer/Xcode/DerivedData/bookApp-fuwvsqbobfenvpgtholzzzggmgpg/Build/Intermediates.noindex/GeneratedModuleMaps-iphonesimulator/FirebaseAnalyticsCoreWrapper.modulemap -Xcc -fmodule-map-file\=/Users/ayushyachitransh/Library/Developer/Xcode/DerivedData/bookApp-fuwvsqbobfenvpgtholzzzggmgpg/Build/Intermediates.noindex/GeneratedModuleMaps-iphonesimulator/FirebaseAnalyticsCoreTarget.modulemap -Xcc -fmodule-map-file\=/Users/ayushyachitransh/Library/Developer/Xcode/DerivedData/bookApp-fuwvsqbobfenvpgtholzzzggmgpg/Build/Intermediates.noindex/GeneratedModuleMaps-iphonesimulator/GoogleAppMeasurementIdentitySupportTarget.modulemap -Xcc -fmodule-map-file\=/Users/ayushyachitransh/Library/Developer/Xcode/DerivedData/bookApp-fuwvsqbobfenvpgtholzzzggmgpg/Build/Intermediates.noindex/GeneratedModuleMaps-iphonesimulator/FirebaseAnalyticsIdentitySupportTarget.modulemap -Xcc -fmodule-map-file\=/Users/ayushyachitransh/Library/Developer/Xcode/DerivedData/bookApp-fuwvsqbobfenvpgtholzzzggmgpg/Build/Intermediates.noindex/GeneratedModuleMaps-iphonesimulator/RecaptchaInterop.modulemap -Xcc -fmodule-map-file\=/Users/ayushyachitransh/Library/Developer/Xcode/DerivedData/bookApp-fuwvsqbobfenvpgtholzzzggmgpg/Build/Intermediates.noindex/GeneratedModuleMaps-iphonesimulator/FirebaseAuthInternal.modulemap -Xcc -fmodule-map-file\=/Users/ayushyachitransh/Library/Developer/Xcode/DerivedData/bookApp-fuwvsqbobfenvpgtholzzzggmgpg/Build/Intermediates.noindex/GeneratedModuleMaps-iphonesimulator/AppAuth.modulemap -Xcc -fmodule-map-file\=/Users/ayushyachitransh/Library/Developer/Xcode/DerivedData/bookApp-fuwvsqbobfenvpgtholzzzggmgpg/Build/Intermediates.noindex/GeneratedModuleMaps-iphonesimulator/AppAuthCore.modulemap -Xcc -fmodule-map-file\=/Users/ayushyachitransh/Library/Developer/Xcode/DerivedData/bookApp-fuwvsqbobfenvpgtholzzzggmgpg/Build/Intermediates.noindex/GeneratedModuleMaps-iphonesimulator/AppCheckCore.modulemap -Xcc -fmodule-map-file\=/Users/ayushyachitransh/Library/Developer/Xcode/DerivedData/bookApp-fuwvsqbobfenvpgtholzzzggmgpg/Build/Intermediates.noindex/GeneratedModuleMaps-iphonesimulator/GoogleSignIn.modulemap -Xcc -fmodule-map-file\=/Users/ayushyachitransh/Library/Developer/Xcode/DerivedData/bookApp-fuwvsqbobfenvpgtholzzzggmgpg/Build/Intermediates.noindex/GeneratedModuleMaps-iphonesimulator/abslWrapper.modulemap -Xcc -fmodule-map-file\=/Users/ayushyachitransh/Library/Developer/Xcode/DerivedData/bookApp-fuwvsqbobfenvpgtholzzzggmgpg/Build/Intermediates.noindex/GeneratedModuleMaps-iphonesimulator/opensslWrapper.modulemap -Xcc -fmodule-map-file\=/Users/ayushyachitransh/Library/Developer/Xcode/DerivedData/bookApp-fuwvsqbobfenvpgtholzzzggmgpg/Build/Intermediates.noindex/GeneratedModuleMaps-iphonesimulator/grpcWrapper.modulemap -Xcc -fmodule-map-file\=/Users/ayushyachitransh/Library/Developer/Xcode/DerivedData/bookApp-fuwvsqbobfenvpgtholzzzggmgpg/Build/Intermediates.noindex/GeneratedModuleMaps-iphonesimulator/grpcppWrapper.modulemap -Xcc -fmodule-map-file\=/Users/ayushyachitransh/Library/Developer/Xcode/DerivedData/bookApp-fuwvsqbobfenvpgtholzzzggmgpg/Build/Intermediates.noindex/GeneratedModuleMaps-iphonesimulator/FirebaseFirestoreTarget.modulemap -Xcc -fmodule-map-file\=/Users/ayushyachitransh/Library/Developer/Xcode/DerivedData/bookApp-fuwvsqbobfenvpgtholzzzggmgpg/Build/Intermediates.noindex/GeneratedModuleMaps-iphonesimulator/FirebaseFirestoreInternalWrapper.modulemap -Xcc -fmodule-map-file\=/Users/ayushyachitransh/Library/Developer/Xcode/DerivedData/bookApp-fuwvsqbobfenvpgtholzzzggmgpg/Build/Intermediates.noindex/GeneratedModuleMaps-iphonesimulator/FirebaseInAppMessagingInternal.modulemap -Xcc -fmodule-map-file\=/Users/ayushyachitransh/Library/Developer/Xcode/DerivedData/bookApp-fuwvsqbobfenvpgtholzzzggmgpg/Build/Intermediates.noindex/GeneratedModuleMaps-iphonesimulator/FirebaseInAppMessaging_iOS.modulemap -Xcc -fmodule-map-file\=/Users/ayushyachitransh/Library/Developer/Xcode/DerivedData/bookApp-fuwvsqbobfenvpgtholzzzggmgpg/Build/Intermediates.noindex/GeneratedModuleMaps-iphonesimulator/FirebaseInAppMessagingTarget.modulemap -Xcc -fmodule-map-file\=/Users/ayushyachitransh/Library/Developer/Xcode/DerivedData/bookApp-fuwvsqbobfenvpgtholzzzggmgpg/Build/Intermediates.noindex/GeneratedModuleMaps-iphonesimulator/FirebaseMessagingInterop.modulemap -Xcc -fmodule-map-file\=/Users/ayushyachitransh/Library/Developer/Xcode/DerivedData/bookApp-fuwvsqbobfenvpgtholzzzggmgpg/Build/Intermediates.noindex/GeneratedModuleMaps-iphonesimulator/GoogleAdsOnDeviceConversionTarget.modulemap -Xcc -fmodule-map-file\=/Users/ayushyachitransh/Library/Developer/Xcode/DerivedData/bookApp-fuwvsqbobfenvpgtholzzzggmgpg/Build/Intermediates.noindex/GeneratedModuleMaps-iphonesimulator/GoogleAppMeasurementTarget.modulemap -Xcc -fmodule-map-file\=/Users/ayushyachitransh/Library/Developer/Xcode/DerivedData/bookApp-fuwvsqbobfenvpgtholzzzggmgpg/Build/Intermediates.noindex/GeneratedModuleMaps-iphonesimulator/FirebaseAnalyticsWrapper.modulemap -Xcc -fmodule-map-file\=/Users/ayushyachitransh/Library/Developer/Xcode/DerivedData/bookApp-fuwvsqbobfenvpgtholzzzggmgpg/Build/Intermediates.noindex/GeneratedModuleMaps-iphonesimulator/FirebaseAnalyticsTarget.modulemap -Xcc -fmodule-map-file\=/Users/ayushyachitransh/Library/Developer/Xcode/DerivedData/bookApp-fuwvsqbobfenvpgtholzzzggmgpg/Build/Intermediates.noindex/GeneratedModuleMaps-iphonesimulator/GTMSessionFetcherCore.modulemap -Xcc -fmodule-map-file\=/Users/ayushyachitransh/Library/Developer/Xcode/DerivedData/bookApp-fuwvsqbobfenvpgtholzzzggmgpg/Build/Intermediates.noindex/GeneratedModuleMaps-iphonesimulator/FirebaseCrashlytics.modulemap -Xcc -fmodule-map-file\=/Users/ayushyachitransh/Library/Developer/Xcode/DerivedData/bookApp-fuwvsqbobfenvpgtholzzzggmgpg/Build/Intermediates.noindex/GeneratedModuleMaps-iphonesimulator/FirebaseAuthInterop.modulemap -Xcc -fmodule-map-file\=/Users/ayushyachitransh/Library/Developer/Xcode/DerivedData/bookApp-fuwvsqbobfenvpgtholzzzggmgpg/Build/Intermediates.noindex/GeneratedModuleMaps-iphonesimulator/GoogleUtilities-MethodSwizzler.modulemap -Xcc -fmodule-map-file\=/Users/ayushyachitransh/Library/Developer/Xcode/DerivedData/bookApp-fuwvsqbobfenvpgtholzzzggmgpg/Build/Intermediates.noindex/GeneratedModuleMaps-iphonesimulator/FirebasePerformance.modulemap -Xcc -fmodule-map-file\=/Users/ayushyachitransh/Library/Developer/Xcode/DerivedData/bookApp-fuwvsqbobfenvpgtholzzzggmgpg/Build/Intermediates.noindex/GeneratedModuleMaps-iphonesimulator/FirebaseSessionsObjC.modulemap -Xcc -fmodule-map-file\=/Users/ayushyachitransh/Library/Developer/Xcode/DerivedData/bookApp-fuwvsqbobfenvpgtholzzzggmgpg/Build/Intermediates.noindex/GeneratedModuleMaps-iphonesimulator/FirebaseCoreExtension.modulemap -Xcc -fmodule-map-file\=/Users/ayushyachitransh/Library/Developer/Xcode/DerivedData/bookApp-fuwvsqbobfenvpgtholzzzggmgpg/Build/Intermediates.noindex/GeneratedModuleMaps-iphonesimulator/FirebaseRemoteConfigInternal.modulemap -Xcc -fmodule-map-file\=/Users/ayushyachitransh/Library/Developer/Xcode/DerivedData/bookApp-fuwvsqbobfenvpgtholzzzggmgpg/Build/Intermediates.noindex/GeneratedModuleMaps-iphonesimulator/FirebaseABTesting.modulemap -Xcc -fmodule-map-file\=/Users/ayushyachitransh/Library/Developer/Xcode/DerivedData/bookApp-fuwvsqbobfenvpgtholzzzggmgpg/Build/Intermediates.noindex/GeneratedModuleMaps-iphonesimulator/FirebasePerformanceTarget.modulemap -Xcc -fmodule-map-file\=/Users/ayushyachitransh/Library/Developer/Xcode/DerivedData/bookApp-fuwvsqbobfenvpgtholzzzggmgpg/Build/Intermediates.noindex/GeneratedModuleMaps-iphonesimulator/leveldb.modulemap -Xcc -fmodule-map-file\=/Users/ayushyachitransh/Library/Developer/Xcode/DerivedData/bookApp-fuwvsqbobfenvpgtholzzzggmgpg/Build/Intermediates.noindex/GeneratedModuleMaps-iphonesimulator/FirebaseDatabaseInternal.modulemap -Xcc -fmodule-map-file\=/Users/ayushyachitransh/Library/Developer/Xcode/DerivedData/bookApp-fuwvsqbobfenvpgtholzzzggmgpg/Build/Intermediates.noindex/GeneratedModuleMaps-iphonesimulator/FirebaseAppCheckInterop.modulemap -Xcc -fmodule-map-file\=/Users/ayushyachitransh/Library/Developer/Xcode/DerivedData/bookApp-fuwvsqbobfenvpgtholzzzggmgpg/Build/Intermediates.noindex/GeneratedModuleMaps-iphonesimulator/FirebaseAppDistribution.modulemap -Xcc -fmodule-map-file\=/Users/ayushyachitransh/Library/Developer/Xcode/DerivedData/bookApp-fuwvsqbobfenvpgtholzzzggmgpg/Build/Intermediates.noindex/GeneratedModuleMaps-iphonesimulator/FirebaseAppDistributionTarget.modulemap -Xcc -fmodule-map-file\=/Users/ayushyachitransh/Library/Developer/Xcode/DerivedData/bookApp-fuwvsqbobfenvpgtholzzzggmgpg/Build/Intermediates.noindex/GeneratedModuleMaps-iphonesimulator/GoogleUtilities-Network.modulemap -Xcc -fmodule-map-file\=/Users/ayushyachitransh/Library/Developer/Xcode/DerivedData/bookApp-fuwvsqbobfenvpgtholzzzggmgpg/Build/Intermediates.noindex/GeneratedModuleMaps-iphonesimulator/GoogleUtilities-AppDelegateSwizzler.modulemap -Xcc -fmodule-map-file\=/Users/ayushyachitransh/Library/Developer/Xcode/DerivedData/bookApp-fuwvsqbobfenvpgtholzzzggmgpg/Build/Intermediates.noindex/GeneratedModuleMaps-iphonesimulator/GoogleUtilities-Reachability.modulemap -Xcc -fmodule-map-file\=/Users/ayushyachitransh/Library/Developer/Xcode/DerivedData/bookApp-fuwvsqbobfenvpgtholzzzggmgpg/Build/Intermediates.noindex/GeneratedModuleMaps-iphonesimulator/GoogleDataTransport.modulemap -Xcc -fmodule-map-file\=/Users/ayushyachitransh/Library/Developer/Xcode/DerivedData/bookApp-fuwvsqbobfenvpgtholzzzggmgpg/Build/Intermediates.noindex/GeneratedModuleMaps-iphonesimulator/nanopb.modulemap -Xcc -fmodule-map-file\=/Users/ayushyachitransh/Library/Developer/Xcode/DerivedData/bookApp-fuwvsqbobfenvpgtholzzzggmgpg/Build/Intermediates.noindex/GeneratedModuleMaps-iphonesimulator/FirebaseMessaging.modulemap -Xcc -fmodule-map-file\=/Users/ayushyachitransh/Library/Developer/Xcode/DerivedData/bookApp-fuwvsqbobfenvpgtholzzzggmgpg/Build/Intermediates.noindex/GeneratedModuleMaps-iphonesimulator/GoogleUtilities-NSData.modulemap -Xcc -fmodule-map-file\=/Users/ayushyachitransh/Library/Developer/Xcode/DerivedData/bookApp-fuwvsqbobfenvpgtholzzzggmgpg/Build/Intermediates.noindex/GeneratedModuleMaps-iphonesimulator/GoogleUtilities-Logger.modulemap -Xcc -fmodule-map-file\=/Users/ayushyachitransh/Library/Developer/Xcode/DerivedData/bookApp-fuwvsqbobfenvpgtholzzzggmgpg/Build/Intermediates.noindex/GeneratedModuleMaps-iphonesimulator/GoogleUtilities-Environment.modulemap -Xcc -fmodule-map-file\=/Users/ayushyachitransh/Library/Developer/Xcode/DerivedData/bookApp-fuwvsqbobfenvpgtholzzzggmgpg/Build/Intermediates.noindex/GeneratedModuleMaps-iphonesimulator/third-party-IsAppEncrypted.modulemap -Xcc -fmodule-map-file\=/Users/ayushyachitransh/Library/Developer/Xcode/DerivedData/bookApp-fuwvsqbobfenvpgtholzzzggmgpg/Build/Intermediates.noindex/GeneratedModuleMaps-iphonesimulator/GoogleUtilities-UserDefaults.modulemap -Xcc -fmodule-map-file\=/Users/ayushyachitransh/Library/Developer/Xcode/DerivedData/bookApp-fuwvsqbobfenvpgtholzzzggmgpg/Build/Intermediates.noindex/GeneratedModuleMaps-iphonesimulator/FirebaseCore.modulemap -Xcc -fmodule-map-file\=/Users/ayushyachitransh/Library/Developer/Xcode/DerivedData/bookApp-fuwvsqbobfenvpgtholzzzggmgpg/Build/Intermediates.noindex/GeneratedModuleMaps-iphonesimulator/FirebaseInstallations.modulemap -enable-bare-slash-regex -enable-experimental-feature DebugDescriptionMacro -sdk /Applications/Xcode.app/Contents/Developer/Platforms/iPhoneSimulator.platform/Developer/SDKs/iPhoneSimulator26.2.sdk -target arm64-apple-ios17.6-simulator -g -module-cache-path /Users/ayushyachitransh/Library/Developer/Xcode/DerivedData/ModuleCache.noindex -Xfrontend -serialize-debugging-options -profile-coverage-mapping -profile-generate -enable-testing -index-store-path /Users/ayushyachitransh/Library/Developer/Xcode/DerivedData/bookApp-fuwvsqbobfenvpgtholzzzggmgpg/Index.noindex/DataStore -Xcc -D_LIBCPP_HARDENING_MODE\=_LIBCPP_HARDENING_MODE_DEBUG -swift-version 5 -I /Users/ayushyachitransh/Library/Developer/Xcode/DerivedData/bookApp-fuwvsqbobfenvpgtholzzzggmgpg/Build/Products/Debug-iphonesimulator -F /Users/ayushyachitransh/Library/Developer/Xcode/DerivedData/bookApp-fuwvsqbobfenvpgtholzzzggmgpg/Build/Products/Debug-iphonesimulator/PackageFrameworks -F /Users/ayushyachitransh/Library/Developer/Xcode/DerivedData/bookApp-fuwvsqbobfenvpgtholzzzggmgpg/Build/Products/Debug-iphonesimulator/PackageFrameworks -F /Users/ayushyachitransh/Library/Developer/Xcode/DerivedData/bookApp-fuwvsqbobfenvpgtholzzzggmgpg/Build/Products/Debug-iphonesimulator/PackageFrameworks -F /Users/ayushyachitransh/Library/Developer/Xcode/DerivedData/bookApp-fuwvsqbobfenvpgtholzzzggmgpg/Build/Products/Debug-iphonesimulator/PackageFrameworks -F /Users/ayushyachitransh/Library/Developer/Xcode/DerivedData/bookApp-fuwvsqbobfenvpgtholzzzggmgpg/Build/Products/Debug-iphonesimulator/PackageFrameworks -F /Users/ayushyachitransh/Library/Developer/Xcode/DerivedData/bookApp-fuwvsqbobfenvpgtholzzzggmgpg/Build/Products/Debug-iphonesimulator/PackageFrameworks -F /Users/ayushyachitransh/Library/Developer/Xcode/DerivedData/bookApp-fuwvsqbobfenvpgtholzzzggmgpg/Build/Products/Debug-iphonesimulator/PackageFrameworks -F /Users/ayushyachitransh/Library/Developer/Xcode/DerivedData/bookApp-fuwvsqbobfenvpgtholzzzggmgpg/Build/Products/Debug-iphonesimulator/PackageFrameworks -F /Users/ayushyachitransh/Library/Developer/Xcode/DerivedData/bookApp-fuwvsqbobfenvpgtholzzzggmgpg/Build/Products/Debug-iphonesimulator/PackageFrameworks -F /Users/ayushyachitransh/Library/Developer/Xcode/DerivedData/bookApp-fuwvsqbobfenvpgtholzzzggmgpg/Build/Products/Debug-iphonesimulator/PackageFrameworks -F /Users/ayushyachitransh/Library/Developer/Xcode/DerivedData/bookApp-fuwvsqbobfenvpgtholzzzggmgpg/Build/Products/Debug-iphonesimulator/PackageFrameworks -F /Users/ayushyachitransh/Library/Developer/Xcode/DerivedData/bookApp-fuwvsqbobfenvpgtholzzzggmgpg/Build/Products/Debug-iphonesimulator/PackageFrameworks -F /Users/ayushyachitransh/Library/Developer/Xcode/DerivedData/bookApp-fuwvsqbobfenvpgtholzzzggmgpg/Build/Products/Debug-iphonesimulator/PackageFrameworks -F /Users/ayushyachitransh/Library/Developer/Xcode/DerivedData/bookApp-fuwvsqbobfenvpgtholzzzggmgpg/Build/Products/Debug-iphonesimulator/PackageFrameworks -F /Users/ayushyachitransh/Library/Developer/Xcode/DerivedData/bookApp-fuwvsqbobfenvpgtholzzzggmgpg/Build/Products/Debug-iphonesimulator/PackageFrameworks -F /Users/ayushyachitransh/Library/Developer/Xcode/DerivedData/bookApp-fuwvsqbobfenvpgtholzzzggmgpg/Build/Products/Debug-iphonesimulator/PackageFrameworks -F /Users/ayushyachitransh/Library/Developer/Xcode/DerivedData/bookApp-fuwvsqbobfenvpgtholzzzggmgpg/Build/Products/Debug-iphonesimulator/PackageFrameworks -F /Users/ayushyachitransh/Library/Developer/Xcode/DerivedData/bookApp-fuwvsqbobfenvpgtholzzzggmgpg/Build/Products/Debug-iphonesimulator/PackageFrameworks -F /Users/ayushyachitransh/Library/Developer/Xcode/DerivedData/bookApp-fuwvsqbobfenvpgtholzzzggmgpg/Build/Products/Debug-iphonesimulator/PackageFrameworks -F /Users/ayushyachitransh/Library/Developer/Xcode/DerivedData/bookApp-fuwvsqbobfenvpgtholzzzggmgpg/Build/Products/Debug-iphonesimulator/PackageFrameworks -F /Users/ayushyachitransh/Library/Developer/Xcode/DerivedData/bookApp-fuwvsqbobfenvpgtholzzzggmgpg/Build/Products/Debug-iphonesimulator/PackageFrameworks -F /Users/ayushyachitransh/Library/Developer/Xcode/DerivedData/bookApp-fuwvsqbobfenvpgtholzzzggmgpg/Build/Products/Debug-iphonesimulator/PackageFrameworks -F /Users/ayushyachitransh/Library/Developer/Xcode/DerivedData/bookApp-fuwvsqbobfenvpgtholzzzggmgpg/Build/Products/Debug-iphonesimulator/PackageFrameworks -F /Users/ayushyachitransh/Library/Developer/Xcode/DerivedData/bookApp-fuwvsqbobfenvpgtholzzzggmgpg/Build/Products/Debug-iphonesimulator/PackageFrameworks -F /Users/ayushyachitransh/Library/Developer/Xcode/DerivedData/bookApp-fuwvsqbobfenvpgtholzzzggmgpg/Build/Products/Debug-iphonesimulator/PackageFrameworks -F /Users/ayushyachitransh/Library/Developer/Xcode/DerivedData/bookApp-fuwvsqbobfenvpgtholzzzggmgpg/Build/Products/Debug-iphonesimulator/PackageFrameworks -F /Users/ayushyachitransh/Library/Developer/Xcode/DerivedData/bookApp-fuwvsqbobfenvpgtholzzzggmgpg/Build/Products/Debug-iphonesimulator/PackageFrameworks -F /Users/ayushyachitransh/Library/Developer/Xcode/DerivedData/bookApp-fuwvsqbobfenvpgtholzzzggmgpg/Build/Products/Debug-iphonesimulator/PackageFrameworks -F /Users/ayushyachitransh/Library/Developer/Xcode/DerivedData/bookApp-fuwvsqbobfenvpgtholzzzggmgpg/Build/Products/Debug-iphonesimulator/PackageFrameworks -F /Users/ayushyachitransh/Library/Developer/Xcode/DerivedData/bookApp-fuwvsqbobfenvpgtholzzzggmgpg/Build/Products/Debug-iphonesimulator/PackageFrameworks -F /Users/ayushyachitransh/Library/Developer/Xcode/DerivedData/bookApp-fuwvsqbobfenvpgtholzzzggmgpg/Build/Products/Debug-iphonesimulator/PackageFrameworks -F /Users/ayushyachitransh/Library/Developer/Xcode/DerivedData/bookApp-fuwvsqbobfenvpgtholzzzggmgpg/Build/Products/Debug-iphonesimulator/PackageFrameworks -F /Users/ayushyachitransh/Library/Developer/Xcode/DerivedData/bookApp-fuwvsqbobfenvpgtholzzzggmgpg/Build/Products/Debug-iphonesimulator/PackageFrameworks -F /Users/ayushyachitransh/Library/Developer/Xcode/DerivedData/bookApp-fuwvsqbobfenvpgtholzzzggmgpg/Build/Products/Debug-iphonesimulator/PackageFrameworks -F /Users/ayushyachitransh/Library/Developer/Xcode/DerivedData/bookApp-fuwvsqbobfenvpgtholzzzggmgpg/Build/Products/Debug-iphonesimulator/PackageFrameworks -F /Users/ayushyachitransh/Library/Developer/Xcode/DerivedData/bookApp-fuwvsqbobfenvpgtholzzzggmgpg/Build/Products/Debug-iphonesimulator/PackageFrameworks -F /Users/ayushyachitransh/Library/Developer/Xcode/DerivedData/bookApp-fuwvsqbobfenvpgtholzzzggmgpg/Build/Products/Debug-iphonesimulator/PackageFrameworks -F /Users/ayushyachitransh/Library/Developer/Xcode/DerivedData/bookApp-fuwvsqbobfenvpgtholzzzggmgpg/Build/Products/Debug-iphonesimulator/PackageFrameworks -F /Users/ayushyachitransh/Library/Developer/Xcode/DerivedData/bookApp-fuwvsqbobfenvpgtholzzzggmgpg/Build/Products/Debug-iphonesimulator/PackageFrameworks -F /Users/ayushyachitransh/Library/Developer/Xcode/DerivedData/bookApp-fuwvsqbobfenvpgtholzzzggmgpg/Build/Products/Debug-iphonesimulator/PackageFrameworks -F /Users/ayushyachitransh/Library/Developer/Xcode/DerivedData/bookApp-fuwvsqbobfenvpgtholzzzggmgpg/Build/Products/Debug-iphonesimulator/PackageFrameworks -F /Users/ayushyachitransh/Library/Developer/Xcode/DerivedData/bookApp-fuwvsqbobfenvpgtholzzzggmgpg/Build/Products/Debug-iphonesimulator/PackageFrameworks -F /Users/ayushyachitransh/Library/Developer/Xcode/DerivedData/bookApp-fuwvsqbobfenvpgtholzzzggmgpg/Build/Products/Debug-iphonesimulator/PackageFrameworks -F /Users/ayushyachitransh/Library/Developer/Xcode/DerivedData/bookApp-fuwvsqbobfenvpgtholzzzggmgpg/Build/Products/Debug-iphonesimulator/PackageFrameworks -F /Users/ayushyachitransh/Library/Developer/Xcode/DerivedData/bookApp-fuwvsqbobfenvpgtholzzzggmgpg/Build/Products/Debug-iphonesimulator/PackageFrameworks -F /Users/ayushyachitransh/Library/Developer/Xcode/DerivedData/bookApp-fuwvsqbobfenvpgtholzzzggmgpg/Build/Products/Debug-iphonesimulator/PackageFrameworks -F /Users/ayushyachitransh/Library/Developer/Xcode/DerivedData/bookApp-fuwvsqbobfenvpgtholzzzggmgpg/Build/Products/Debug-iphonesimulator/PackageFrameworks -F /Users/ayushyachitransh/Library/Developer/Xcode/DerivedData/bookApp-fuwvsqbobfenvpgtholzzzggmgpg/Build/Products/Debug-iphonesimulator/PackageFrameworks -F /Users/ayushyachitransh/Library/Developer/Xcode/DerivedData/bookApp-fuwvsqbobfenvpgtholzzzggmgpg/Build/Products/Debug-iphonesimulator/PackageFrameworks -F /Users/ayushyachitransh/Library/Developer/Xcode/DerivedData/bookApp-fuwvsqbobfenvpgtholzzzggmgpg/Build/Products/Debug-iphonesimulator/PackageFrameworks -F /Users/ayushyachitransh/Library/Developer/Xcode/DerivedData/bookApp-fuwvsqbobfenvpgtholzzzggmgpg/Build/Products/Debug-iphonesimulator/PackageFrameworks -F /Users/ayushyachitransh/Library/Developer/Xcode/DerivedData/bookApp-fuwvsqbobfenvpgtholzzzggmgpg/Build/Products/Debug-iphonesimulator/PackageFrameworks -F /Users/ayushyachitransh/Library/Developer/Xcode/DerivedData/bookApp-fuwvsqbobfenvpgtholzzzggmgpg/Build/Products/Debug-iphonesimulator/PackageFrameworks -F /Users/ayushyachitransh/Library/Developer/Xcode/DerivedData/bookApp-fuwvsqbobfenvpgtholzzzggmgpg/Build/Products/Debug-iphonesimulator/PackageFrameworks -F /Users/ayushyachitransh/Library/Developer/Xcode/DerivedData/bookApp-fuwvsqbobfenvpgtholzzzggmgpg/Build/Products/Debug-iphonesimulator/PackageFrameworks -F /Users/ayushyachitransh/Library/Developer/Xcode/DerivedData/bookApp-fuwvsqbobfenvpgtholzzzggmgpg/Build/Products/Debug-iphonesimulator/PackageFrameworks -F /Users/ayushyachitransh/Library/Developer/Xcode/DerivedData/bookApp-fuwvsqbobfenvpgtholzzzggmgpg/Build/Products/Debug-iphonesimulator/PackageFrameworks -F /Users/ayushyachitransh/Library/Developer/Xcode/DerivedData/bookApp-fuwvsqbobfenvpgtholzzzggmgpg/Build/Products/Debug-iphonesimulator/PackageFrameworks -F /Users/ayushyachitransh/Library/Developer/Xcode/DerivedData/bookApp-fuwvsqbobfenvpgtholzzzggmgpg/Build/Products/Debug-iphonesimulator/PackageFrameworks -F /Users/ayushyachitransh/Library/Developer/Xcode/DerivedData/bookApp-fuwvsqbobfenvpgtholzzzggmgpg/Build/Products/Debug-iphonesimulator/PackageFrameworks -F /Users/ayushyachitransh/Library/Developer/Xcode/DerivedData/bookApp-fuwvsqbobfenvpgtholzzzggmgpg/Build/Products/Debug-iphonesimulator/PackageFrameworks -F /Users/ayushyachitransh/Library/Developer/Xcode/DerivedData/bookApp-fuwvsqbobfenvpgtholzzzggmgpg/Build/Products/Debug-iphonesimulator/PackageFrameworks -F /Users/ayushyachitransh/Library/Developer/Xcode/DerivedData/bookApp-fuwvsqbobfenvpgtholzzzggmgpg/Build/Products/Debug-iphonesimulator/PackageFrameworks -F /Users/ayushyachitransh/Library/Developer/Xcode/DerivedData/bookApp-fuwvsqbobfenvpgtholzzzggmgpg/Build/Products/Debug-iphonesimulator/PackageFrameworks -F /Users/ayushyachitransh/Library/Developer/Xcode/DerivedData/bookApp-fuwvsqbobfenvpgtholzzzggmgpg/Build/Products/Debug-iphonesimulator/PackageFrameworks -F /Users/ayushyachitransh/Library/Developer/Xcode/DerivedData/bookApp-fuwvsqbobfenvpgtholzzzggmgpg/Build/Products/Debug-iphonesimulator/PackageFrameworks -F /Users/ayushyachitransh/Library/Developer/Xcode/DerivedData/bookApp-fuwvsqbobfenvpgtholzzzggmgpg/Build/Products/Debug-iphonesimulator/PackageFrameworks -F /Users/ayushyachitransh/Library/Developer/Xcode/DerivedData/bookApp-fuwvsqbobfenvpgtholzzzggmgpg/Build/Products/Debug-iphonesimulator/PackageFrameworks -F /Users/ayushyachitransh/Library/Developer/Xcode/DerivedData/bookApp-fuwvsqbobfenvpgtholzzzggmgpg/Build/Products/Debug-iphonesimulator/PackageFrameworks -F /Users/ayushyachitransh/Library/Developer/Xcode/DerivedData/bookApp-fuwvsqbobfenvpgtholzzzggmgpg/Build/Products/Debug-iphonesimulator/PackageFrameworks -F /Users/ayushyachitransh/Library/Developer/Xcode/DerivedData/bookApp-fuwvsqbobfenvpgtholzzzggmgpg/Build/Products/Debug-iphonesimulator/PackageFrameworks -F /Users/ayushyachitransh/Library/Developer/Xcode/DerivedData/bookApp-fuwvsqbobfenvpgtholzzzggmgpg/Build/Products/Debug-iphonesimulator/PackageFrameworks -F /Users/ayushyachitransh/Library/Developer/Xcode/DerivedData/bookApp-fuwvsqbobfenvpgtholzzzggmgpg/Build/Products/Debug-iphonesimulator/PackageFrameworks -F /Users/ayushyachitransh/Library/Developer/Xcode/DerivedData/bookApp-fuwvsqbobfenvpgtholzzzggmgpg/Build/Products/Debug-iphonesimulator/PackageFrameworks -F /Users/ayushyachitransh/Library/Developer/Xcode/DerivedData/bookApp-fuwvsqbobfenvpgtholzzzggmgpg/Build/Products/Debug-iphonesimulator/PackageFrameworks -F /Users/ayushyachitransh/Library/Developer/Xcode/DerivedData/bookApp-fuwvsqbobfenvpgtholzzzggmgpg/Build/Products/Debug-iphonesimulator/PackageFrameworks -F /Users/ayushyachitransh/Library/Developer/Xcode/DerivedData/bookApp-fuwvsqbobfenvpgtholzzzggmgpg/Build/Products/Debug-iphonesimulator/PackageFrameworks -F /Users/ayushyachitransh/Library/Developer/Xcode/DerivedData/bookApp-fuwvsqbobfenvpgtholzzzggmgpg/Build/Products/Debug-iphonesimulator/PackageFrameworks -F /Users/ayushyachitransh/Library/Developer/Xcode/DerivedData/bookApp-fuwvsqbobfenvpgtholzzzggmgpg/Build/Products/Debug-iphonesimulator -emit-localized-strings -emit-localized-strings-path /Users/ayushyachitransh/Library/Developer/Xcode/DerivedData/bookApp-fuwvsqbobfenvpgtholzzzggmgpg/Build/Intermediates.noindex/bookApp.build/Debug-iphonesimulator/bookApp.build/Objects-normal/arm64 -c -j8 -enable-batch-mode -incremental -Xcc -ivfsstatcache -Xcc /Users/ayushyachitransh/Library/Developer/Xcode/DerivedData/SDKStatCaches.noindex/iphonesimulator26.2-23C57-7d00a8b37fbd7999ea79df8ebc024bf0.sdkstatcache -output-file-map /Users/ayushyachitransh/Library/Developer/Xcode/DerivedData/bookApp-fuwvsqbobfenvpgtholzzzggmgpg/Build/Intermediates.noindex/bookApp.build/Debug-iphonesimulator/bookApp.build/Objects-normal/arm64/bookApp-OutputFileMap.json -use-frontend-parseable-output -save-temps -no-color-diagnostics -explicit-module-build -module-cache-path /Users/ayushyachitransh/Library/Developer/Xcode/DerivedData/bookApp-fuwvsqbobfenvpgtholzzzggmgpg/Build/Intermediates.noindex/SwiftExplicitPrecompiledModules -clang-scanner-module-cache-path /Users/ayushyachitransh/Library/Developer/Xcode/DerivedData/ModuleCache.noindex -sdk-module-cache-path /Users/ayushyachitransh/Library/Developer/Xcode/DerivedData/ModuleCache.noindex -serialize-diagnostics -emit-dependencies -emit-module -emit-module-path /Users/ayushyachitransh/Library/Developer/Xcode/DerivedData/bookApp-fuwvsqbobfenvpgtholzzzggmgpg/Build/Intermediates.noindex/bookApp.build/Debug-iphonesimulator/bookApp.build/Objects-normal/arm64/bookApp.swiftmodule -validate-clang-modules-once -clang-build-session-file /Users/ayushyachitransh/Library/Developer/Xcode/DerivedData/ModuleCache.noindex/Session.modulevalidation -Xcc -I/Users/ayushyachitransh/Library/Developer/Xcode/DerivedData/bookApp-fuwvsqbobfenvpgtholzzzggmgpg/Build/Intermediates.noindex/bookApp.build/Debug-iphonesimulator/bookApp.build/swift-overrides.hmap -emit-const-values -Xfrontend -const-gather-protocols-file -Xfrontend /Users/ayushyachitransh/Library/Developer/Xcode/DerivedData/bookApp-fuwvsqbobfenvpgtholzzzggmgpg/Build/Intermediates.noindex/bookApp.build/Debug-iphonesimulator/bookApp.build/Objects-normal/arm64/bookApp_const_extract_protocols.json -Xcc -iquote -Xcc /Users/ayushyachitransh/Library/Developer/Xcode/DerivedData/bookApp-fuwvsqbobfenvpgtholzzzggmgpg/Build/Intermediates.noindex/bookApp.build/Debug-iphonesimulator/bookApp.build/bookApp-generated-files.hmap -Xcc -I/Users/ayushyachitransh/Library/Developer/Xcode/DerivedData/bookApp-fuwvsqbobfenvpgtholzzzggmgpg/Build/Intermediates.noindex/bookApp.build/Debug-iphonesimulator/bookApp.build/bookApp-own-target-headers.hmap -Xcc -I/Users/ayushyachitransh/Library/Developer/Xcode/DerivedData/bookApp-fuwvsqbobfenvpgtholzzzggmgpg/Build/Intermediates.noindex/bookApp.build/Debug-iphonesimulator/bookApp.build/bookApp-all-non-framework-target-headers.hmap -Xcc -ivfsoverlay -Xcc /Users/ayushyachitransh/Library/Developer/Xcode/DerivedData/bookApp-fuwvsqbobfenvpgtholzzzggmgpg/Build/Intermediates.noindex/bookApp.build/Debug-iphonesimulator/bookApp-4dab944c9eeeb714cc130aa1eea58108-VFS-iphonesimulator/all-product-headers.yaml -Xcc -iquote -Xcc /Users/ayushyachitransh/Library/Developer/Xcode/DerivedData/bookApp-fuwvsqbobfenvpgtholzzzggmgpg/Build/Intermediates.noindex/bookApp.build/Debug-iphonesimulator/bookApp.build/bookApp-project-headers.hmap -Xcc -I/Users/ayushyachitransh/Library/Developer/Xcode/DerivedData/bookApp-fuwvsqbobfenvpgtholzzzggmgpg/SourcePackages/checkouts/firebase-ios-sdk/FirebaseAppCheck/Sources/Public -Xcc -I/Users/ayushyachitransh/Library/Developer/Xcode/DerivedData/bookApp-fuwvsqbobfenvpgtholzzzggmgpg/SourcePackages/checkouts/GoogleAppMeasurement/GoogleAppMeasurementCoreWrapper/include -Xcc -I/Users/ayushyachitransh/Library/Developer/Xcode/DerivedData/bookApp-fuwvsqbobfenvpgtholzzzggmgpg/SourcePackages/checkouts/firebase-ios-sdk/FirebaseAnalyticsCoreWrapper/include -Xcc -I/Users/ayushyachitransh/Library/Developer/Xcode/DerivedData/bookApp-fuwvsqbobfenvpgtholzzzggmgpg/SourcePackages/checkouts/firebase-ios-sdk/SwiftPM-PlatformExclude/FirebaseAnalyticsCoreWrap/include -Xcc -I/Users/ayushyachitransh/Library/Developer/Xcode/DerivedData/bookApp-fuwvsqbobfenvpgtholzzzggmgpg/SourcePackages/checkouts/GoogleAppMeasurement/GoogleAppMeasurementIdentitySupportWrapper/include -Xcc -I/Users/ayushyachitransh/Library/Developer/Xcode/DerivedData/bookApp-fuwvsqbobfenvpgtholzzzggmgpg/SourcePackages/checkouts/firebase-ios-sdk/FirebaseAnalyticsIdentitySupportWrapper/include -Xcc -I/Users/ayushyachitransh/Library/Developer/Xcode/DerivedData/bookApp-fuwvsqbobfenvpgtholzzzggmgpg/SourcePackages/checkouts/interop-ios-for-google-sdks/RecaptchaEnterprise/RecaptchaInterop/Public -Xcc -I/Users/ayushyachitransh/Library/Developer/Xcode/DerivedData/bookApp-fuwvsqbobfenvpgtholzzzggmgpg/SourcePackages/checkouts/firebase-ios-sdk/FirebaseAuth/Sources/Public -Xcc -I/Users/ayushyachitransh/Library/Developer/Xcode/DerivedData/bookApp-fuwvsqbobfenvpgtholzzzggmgpg/SourcePackages/checkouts/AppAuth-iOS/Sources/AppAuth -Xcc -I/Users/ayushyachitransh/Library/Developer/Xcode/DerivedData/bookApp-fuwvsqbobfenvpgtholzzzggmgpg/SourcePackages/checkouts/AppAuth-iOS/Sources/AppAuthCore -Xcc -I/Users/ayushyachitransh/Library/Developer/Xcode/DerivedData/bookApp-fuwvsqbobfenvpgtholzzzggmgpg/SourcePackages/checkouts/app-check/AppCheckCore/Sources/Public -Xcc -I/Users/ayushyachitransh/Library/Developer/Xcode/DerivedData/bookApp-fuwvsqbobfenvpgtholzzzggmgpg/SourcePackages/checkouts/GoogleSignIn-iOS/GoogleSignIn/Sources/Public -Xcc -I/Users/ayushyachitransh/Library/Developer/Xcode/DerivedData/bookApp-fuwvsqbobfenvpgtholzzzggmgpg/SourcePackages/checkouts/abseil-cpp-binary/absl-Wrapper/include -Xcc -I/Users/ayushyachitransh/Library/Developer/Xcode/DerivedData/bookApp-fuwvsqbobfenvpgtholzzzggmgpg/SourcePackages/checkouts/grpc-binary/openssl-grpc-Wrapper/include -Xcc -I/Users/ayushyachitransh/Library/Developer/Xcode/DerivedData/bookApp-fuwvsqbobfenvpgtholzzzggmgpg/SourcePackages/checkouts/grpc-binary/grpc-Wrapper/include -Xcc -I/Users/ayushyachitransh/Library/Developer/Xcode/DerivedData/bookApp-fuwvsqbobfenvpgtholzzzggmgpg/SourcePackages/checkouts/grpc-binary/grpcpp-Wrapper/include -Xcc -I/Users/ayushyachitransh/Library/Developer/Xcode/DerivedData/bookApp-fuwvsqbobfenvpgtholzzzggmgpg/SourcePackages/checkouts/firebase-ios-sdk/SwiftPM-PlatformExclude/FirebaseFirestoreWrap/include -Xcc -I/Users/ayushyachitransh/Library/Developer/Xcode/DerivedData/bookApp-fuwvsqbobfenvpgtholzzzggmgpg/SourcePackages/checkouts/firebase-ios-sdk/FirebaseFirestoreInternal -Xcc -I/Users/ayushyachitransh/Library/Developer/Xcode/DerivedData/bookApp-fuwvsqbobfenvpgtholzzzggmgpg/SourcePackages/checkouts/firebase-ios-sdk/FirebaseInAppMessaging/Sources/Public -Xcc -I/Users/ayushyachitransh/Library/Developer/Xcode/DerivedData/bookApp-fuwvsqbobfenvpgtholzzzggmgpg/SourcePackages/checkouts/firebase-ios-sdk/FirebaseInAppMessaging/iOS/include -Xcc -I/Users/ayushyachitransh/Library/Developer/Xcode/DerivedData/bookApp-fuwvsqbobfenvpgtholzzzggmgpg/SourcePackages/checkouts/firebase-ios-sdk/SwiftPM-PlatformExclude/FirebaseInAppMessagingWrap/include -Xcc -I/Users/ayushyachitransh/Library/Developer/Xcode/DerivedData/bookApp-fuwvsqbobfenvpgtholzzzggmgpg/SourcePackages/checkouts/firebase-ios-sdk/FirebaseMessaging/Interop -Xcc -I/Users/ayushyachitransh/Library/Developer/Xcode/DerivedData/bookApp-fuwvsqbobfenvpgtholzzzggmgpg/SourcePackages/checkouts/google-ads-on-device-conversion-ios-sdk/GoogleAdsOnDeviceConversionWrapper/include -Xcc -I/Users/ayushyachitransh/Library/Developer/Xcode/DerivedData/bookApp-fuwvsqbobfenvpgtholzzzggmgpg/SourcePackages/checkouts/GoogleAppMeasurement/GoogleAppMeasurementWrapper/include -Xcc -I/Users/ayushyachitransh/Library/Developer/Xcode/DerivedData/bookApp-fuwvsqbobfenvpgtholzzzggmgpg/SourcePackages/checkouts/firebase-ios-sdk/FirebaseAnalyticsWrapper/include -Xcc -I/Users/ayushyachitransh/Library/Developer/Xcode/DerivedData/bookApp-fuwvsqbobfenvpgtholzzzggmgpg/SourcePackages/checkouts/firebase-ios-sdk/SwiftPM-PlatformExclude/FirebaseAnalyticsWrap/include -Xcc -I/Users/ayushyachitransh/Library/Developer/Xcode/DerivedData/bookApp-fuwvsqbobfenvpgtholzzzggmgpg/SourcePackages/checkouts/gtm-session-fetcher/Sources/Core/Public -Xcc -I/Users/ayushyachitransh/Library/Developer/Xcode/DerivedData/bookApp-fuwvsqbobfenvpgtholzzzggmgpg/SourcePackages/checkouts/firebase-ios-sdk/Crashlytics/Crashlytics/Public -Xcc -I/Users/ayushyachitransh/Library/Developer/Xcode/DerivedData/bookApp-fuwvsqbobfenvpgtholzzzggmgpg/SourcePackages/checkouts/firebase-ios-sdk/FirebaseAuth/Interop/Public -Xcc -I/Users/ayushyachitransh/Library/Developer/Xcode/DerivedData/bookApp-fuwvsqbobfenvpgtholzzzggmgpg/SourcePackages/checkouts/GoogleUtilities/GoogleUtilities/MethodSwizzler/Public -Xcc -I/Users/ayushyachitransh/Library/Developer/Xcode/DerivedData/bookApp-fuwvsqbobfenvpgtholzzzggmgpg/SourcePackages/checkouts/firebase-ios-sdk/FirebasePerformance/Sources/Public -Xcc -I/Users/ayushyachitransh/Library/Developer/Xcode/DerivedData/bookApp-fuwvsqbobfenvpgtholzzzggmgpg/SourcePackages/checkouts/firebase-ios-sdk/FirebaseSessions/SourcesObjC -Xcc -I/Users/ayushyachitransh/Library/Developer/Xcode/DerivedData/bookApp-fuwvsqbobfenvpgtholzzzggmgpg/SourcePackages/checkouts/firebase-ios-sdk/FirebaseCore/Extension -Xcc -I/Users/ayushyachitransh/Library/Developer/Xcode/DerivedData/bookApp-fuwvsqbobfenvpgtholzzzggmgpg/SourcePackages/checkouts/firebase-ios-sdk/FirebaseRemoteConfig/Sources/Public -Xcc -I/Users/ayushyachitransh/Library/Developer/Xcode/DerivedData/bookApp-fuwvsqbobfenvpgtholzzzggmgpg/SourcePackages/checkouts/firebase-ios-sdk/FirebaseABTesting/Sources/Public -Xcc -I/Users/ayushyachitransh/Library/Developer/Xcode/DerivedData/bookApp-fuwvsqbobfenvpgtholzzzggmgpg/SourcePackages/checkouts/firebase-ios-sdk/SwiftPM-PlatformExclude/FirebasePerformanceWrap/include -Xcc -I/Users/ayushyachitransh/Library/Developer/Xcode/DerivedData/bookApp-fuwvsqbobfenvpgtholzzzggmgpg/SourcePackages/checkouts/leveldb/include -Xcc -I/Users/ayushyachitransh/Library/Developer/Xcode/DerivedData/bookApp-fuwvsqbobfenvpgtholzzzggmgpg/SourcePackages/checkouts/firebase-ios-sdk/FirebaseDatabase/Sources/Public -Xcc -I/Users/ayushyachitransh/Library/Developer/Xcode/DerivedData/bookApp-fuwvsqbobfenvpgtholzzzggmgpg/SourcePackages/checkouts/firebase-ios-sdk/FirebaseAppCheck/Interop/Public -Xcc -I/Users/ayushyachitransh/Library/Developer/Xcode/DerivedData/bookApp-fuwvsqbobfenvpgtholzzzggmgpg/SourcePackages/checkouts/firebase-ios-sdk/FirebaseAppDistribution/Sources/Public -Xcc -I/Users/ayushyachitransh/Library/Developer/Xcode/DerivedData/bookApp-fuwvsqbobfenvpgtholzzzggmgpg/SourcePackages/checkouts/firebase-ios-sdk/SwiftPM-PlatformExclude/FirebaseAppDistributionWrap/include -Xcc -I/Users/ayushyachitransh/Library/Developer/Xcode/DerivedData/bookApp-fuwvsqbobfenvpgtholzzzggmgpg/SourcePackages/checkouts/GoogleUtilities/GoogleUtilities/Network/Public -Xcc -I/Users/ayushyachitransh/Library/Developer/Xcode/DerivedData/bookApp-fuwvsqbobfenvpgtholzzzggmgpg/SourcePackages/checkouts/GoogleUtilities/GoogleUtilities/AppDelegateSwizzler/Public -Xcc -I/Users/ayushyachitransh/Library/Developer/Xcode/DerivedData/bookApp-fuwvsqbobfenvpgtholzzzggmgpg/SourcePackages/checkouts/GoogleUtilities/GoogleUtilities/Reachability/Public -Xcc -I/Users/ayushyachitransh/Library/Developer/Xcode/DerivedData/bookApp-fuwvsqbobfenvpgtholzzzggmgpg/SourcePackages/checkouts/GoogleDataTransport/GoogleDataTransport/GDTCORLibrary/Public -Xcc -I/Users/ayushyachitransh/Library/Developer/Xcode/DerivedData/bookApp-fuwvsqbobfenvpgtholzzzggmgpg/SourcePackages/checkouts/nanopb/spm_headers -Xcc -I/Users/ayushyachitransh/Library/Developer/Xcode/DerivedData/bookApp-fuwvsqbobfenvpgtholzzzggmgpg/SourcePackages/checkouts/firebase-ios-sdk/FirebaseMessaging/Sources/Public -Xcc -I/Users/ayushyachitransh/Library/Developer/Xcode/DerivedData/bookApp-fuwvsqbobfenvpgtholzzzggmgpg/SourcePackages/checkouts/GoogleUtilities/GoogleUtilities/NSData+zlib/Public -Xcc -I/Users/ayushyachitransh/Library/Developer/Xcode/DerivedData/bookApp-fuwvsqbobfenvpgtholzzzggmgpg/SourcePackages/checkouts/promises/Sources/FBLPromises/include -Xcc -I/Users/ayushyachitransh/Library/Developer/Xcode/DerivedData/bookApp-fuwvsqbobfenvpgtholzzzggmgpg/SourcePackages/checkouts/GoogleUtilities/GoogleUtilities/Logger/Public -Xcc -I/Users/ayushyachitransh/Library/Developer/Xcode/DerivedData/bookApp-fuwvsqbobfenvpgtholzzzggmgpg/SourcePackages/checkouts/GoogleUtilities/GoogleUtilities/Environment/Public -Xcc -I/Users/ayushyachitransh/Library/Developer/Xcode/DerivedData/bookApp-fuwvsqbobfenvpgtholzzzggmgpg/SourcePackages/checkouts/GoogleUtilities/third_party/IsAppEncrypted/Public -Xcc -I/Users/ayushyachitransh/Library/Developer/Xcode/DerivedData/bookApp-fuwvsqbobfenvpgtholzzzggmgpg/SourcePackages/checkouts/GoogleUtilities/GoogleUtilities/UserDefaults/Public -Xcc -I/Users/ayushyachitransh/Library/Developer/Xcode/DerivedData/bookApp-fuwvsqbobfenvpgtholzzzggmgpg/SourcePackages/checkouts/firebase-ios-sdk/FirebaseCore/Sources/Public -Xcc -I/Users/ayushyachitransh/Library/Developer/Xcode/DerivedData/bookApp-fuwvsqbobfenvpgtholzzzggmgpg/SourcePackages/checkouts/firebase-ios-sdk/CoreOnly/Sources -Xcc -I/Users/ayushyachitransh/Library/Developer/Xcode/DerivedData/bookApp-fuwvsqbobfenvpgtholzzzggmgpg/SourcePackages/checkouts/firebase-ios-sdk/FirebaseInstallations/Source/Library/Public -Xcc -I/Users/ayushyachitransh/Library/Developer/Xcode/DerivedData/bookApp-fuwvsqbobfenvpgtholzzzggmgpg/Build/Products/Debug-iphonesimulator/include -Xcc -I/Users/ayushyachitransh/Library/Developer/Xcode/DerivedData/bookApp-fuwvsqbobfenvpgtholzzzggmgpg/Build/Intermediates.noindex/bookApp.build/Debug-iphonesimulator/bookApp.build/DerivedSources-normal/arm64 -Xcc -I/Users/ayushyachitransh/Library/Developer/Xcode/DerivedData/bookApp-fuwvsqbobfenvpgtholzzzggmgpg/Build/Intermediates.noindex/bookApp.build/Debug-iphonesimulator/bookApp.build/DerivedSources/arm64 -Xcc -I/Users/ayushyachitransh/Library/Developer/Xcode/DerivedData/bookApp-fuwvsqbobfenvpgtholzzzggmgpg/Build/Intermediates.noindex/bookApp.build/Debug-iphonesimulator/bookApp.build/DerivedSources -Xcc -DDEBUG\=1 -emit-objc-header -emit-objc-header-path /Users/ayushyachitransh/Library/Developer/Xcode/DerivedData/bookApp-fuwvsqbobfenvpgtholzzzggmgpg/Build/Intermediates.noindex/bookApp.build/Debug-iphonesimulator/bookApp.build/Objects-normal/arm64/bookApp-Swift.h -working-directory /Users/ayushyachitransh/development/bookstore/bookApp/bookApp -experimental-emit-module-separately -disable-cmo

ProcessInfoPlistFile /Users/ayushyachitransh/Library/Developer/Xcode/DerivedData/bookApp-fuwvsqbobfenvpgtholzzzggmgpg/Build/Products/Debug-iphonesimulator/bookApp.app/Info.plist /Users/ayushyachitransh/development/bookstore/bookApp/Info.plist (in target 'bookApp' from project 'bookApp')
    cd /Users/ayushyachitransh/development/bookstore/bookApp/bookApp
    builtin-infoPlistUtility /Users/ayushyachitransh/development/bookstore/bookApp/Info.plist -producttype com.apple.product-type.application -genpkginfo /Users/ayushyachitransh/Library/Developer/Xcode/DerivedData/bookApp-fuwvsqbobfenvpgtholzzzggmgpg/Build/Products/Debug-iphonesimulator/bookApp.app/PkgInfo -expandbuildsettings -format binary -platform iphonesimulator -additionalcontentfile /Users/ayushyachitransh/Library/Developer/Xcode/DerivedData/bookApp-fuwvsqbobfenvpgtholzzzggmgpg/Build/Intermediates.noindex/bookApp.build/Debug-iphonesimulator/bookApp.build/assetcatalog_generated_info.plist -scanforprivacyfile /Users/ayushyachitransh/Library/Developer/Xcode/DerivedData/bookApp-fuwvsqbobfenvpgtholzzzggmgpg/Build/Products/Debug-iphonesimulator/bookApp.app/AppAuth_AppAuth.bundle -scanforprivacyfile /Users/ayushyachitransh/Library/Developer/Xcode/DerivedData/bookApp-fuwvsqbobfenvpgtholzzzggmgpg/Build/Products/Debug-iphonesimulator/bookApp.app/AppAuth_AppAuthCore.bundle -scanforprivacyfile /Users/ayushyachitransh/Library/Developer/Xcode/DerivedData/bookApp-fuwvsqbobfenvpgtholzzzggmgpg/Build/Products/Debug-iphonesimulator/bookApp.app/Firebase_FirebaseABTesting.bundle -scanforprivacyfile /Users/ayushyachitransh/Library/Developer/Xcode/DerivedData/bookApp-fuwvsqbobfenvpgtholzzzggmgpg/Build/Products/Debug-iphonesimulator/bookApp.app/Firebase_FirebaseAuth.bundle -scanforprivacyfile /Users/ayushyachitransh/Library/Developer/Xcode/DerivedData/bookApp-fuwvsqbobfenvpgtholzzzggmgpg/Build/Products/Debug-iphonesimulator/bookApp.app/Firebase_FirebaseCore.bundle -scanforprivacyfile /Users/ayushyachitransh/Library/Developer/Xcode/DerivedData/bookApp-fuwvsqbobfenvpgtholzzzggmgpg/Build/Products/Debug-iphonesimulator/bookApp.app/Firebase_FirebaseCoreExtension.bundle -scanforprivacyfile /Users/ayushyachitransh/Library/Developer/Xcode/DerivedData/bookApp-fuwvsqbobfenvpgtholzzzggmgpg/Build/Products/Debug-iphonesimulator/bookApp.app/Firebase_FirebaseCoreInternal.bundle -scanforprivacyfile /Users/ayushyachitransh/Library/Developer/Xcode/DerivedData/bookApp-fuwvsqbobfenvpgtholzzzggmgpg/Build/Products/Debug-iphonesimulator/bookApp.app/Firebase_FirebaseCrashlytics.bundle -scanforprivacyfile /Users/ayushyachitransh/Library/Developer/Xcode/DerivedData/bookApp-fuwvsqbobfenvpgtholzzzggmgpg/Build/Products/Debug-iphonesimulator/bookApp.app/Firebase_FirebaseCrashlyticsSwift.bundle -scanforprivacyfile /Users/ayushyachitransh/Library/Developer/Xcode/DerivedData/bookApp-fuwvsqbobfenvpgtholzzzggmgpg/Build/Products/Debug-iphonesimulator/bookApp.app/Firebase_FirebaseFirestore.bundle -scanforprivacyfile /Users/ayushyachitransh/Library/Developer/Xcode/DerivedData/bookApp-fuwvsqbobfenvpgtholzzzggmgpg/Build/Products/Debug-iphonesimulator/bookApp.app/Firebase_FirebaseInAppMessaging_iOS.bundle -scanforprivacyfile /Users/ayushyachitransh/Library/Developer/Xcode/DerivedData/bookApp-fuwvsqbobfenvpgtholzzzggmgpg/Build/Products/Debug-iphonesimulator/bookApp.app/Firebase_FirebaseInstallations.bundle -scanforprivacyfile /Users/ayushyachitransh/Library/Developer/Xcode/DerivedData/bookApp-fuwvsqbobfenvpgtholzzzggmgpg/Build/Products/Debug-iphonesimulator/bookApp.app/Firebase_FirebaseMessaging.bundle -scanforprivacyfile /Users/ayushyachitransh/Library/Developer/Xcode/DerivedData/bookApp-fuwvsqbobfenvpgtholzzzggmgpg/Build/Products/Debug-iphonesimulator/bookApp.app/Firebase_FirebaseRemoteConfig.bundle -scanforprivacyfile /Users/ayushyachitransh/Library/Developer/Xcode/DerivedData/bookApp-fuwvsqbobfenvpgtholzzzggmgpg/Build/Products/Debug-iphonesimulator/bookApp.app/Frameworks/FirebaseAnalytics.framework -scanforprivacyfile /Users/ayushyachitransh/Library/Developer/Xcode/DerivedData/bookApp-fuwvsqbobfenvpgtholzzzggmgpg/Build/Products/Debug-iphonesimulator/bookApp.app/Frameworks/FirebaseFirestoreInternal.framework -scanforprivacyfile /Users/ayushyachitransh/Library/Developer/Xcode/DerivedData/bookApp-fuwvsqbobfenvpgtholzzzggmgpg/Build/Products/Debug-iphonesimulator/bookApp.app/Frameworks/GoogleAdsOnDeviceConversion.framework -scanforprivacyfile /Users/ayushyachitransh/Library/Developer/Xcode/DerivedData/bookApp-fuwvsqbobfenvpgtholzzzggmgpg/Build/Products/Debug-iphonesimulator/bookApp.app/Frameworks/GoogleAppMeasurement.framework -scanforprivacyfile /Users/ayushyachitransh/Library/Developer/Xcode/DerivedData/bookApp-fuwvsqbobfenvpgtholzzzggmgpg/Build/Products/Debug-iphonesimulator/bookApp.app/Frameworks/GoogleAppMeasurementIdentitySupport.framework -scanforprivacyfile /Users/ayushyachitransh/Library/Developer/Xcode/DerivedData/bookApp-fuwvsqbobfenvpgtholzzzggmgpg/Build/Products/Debug-iphonesimulator/bookApp.app/Frameworks/absl.framework -scanforprivacyfile /Users/ayushyachitransh/Library/Developer/Xcode/DerivedData/bookApp-fuwvsqbobfenvpgtholzzzggmgpg/Build/Products/Debug-iphonesimulator/bookApp.app/Frameworks/grpc.framework -scanforprivacyfile /Users/ayushyachitransh/Library/Developer/Xcode/DerivedData/bookApp-fuwvsqbobfenvpgtholzzzggmgpg/Build/Products/Debug-iphonesimulator/bookApp.app/Frameworks/grpcpp.framework -scanforprivacyfile /Users/ayushyachitransh/Library/Developer/Xcode/DerivedData/bookApp-fuwvsqbobfenvpgtholzzzggmgpg/Build/Products/Debug-iphonesimulator/bookApp.app/Frameworks/openssl_grpc.framework -scanforprivacyfile /Users/ayushyachitransh/Library/Developer/Xcode/DerivedData/bookApp-fuwvsqbobfenvpgtholzzzggmgpg/Build/Products/Debug-iphonesimulator/bookApp.app/GTMAppAuth_GTMAppAuth.bundle -scanforprivacyfile /Users/ayushyachitransh/Library/Developer/Xcode/DerivedData/bookApp-fuwvsqbobfenvpgtholzzzggmgpg/Build/Products/Debug-iphonesimulator/bookApp.app/GTMSessionFetcher_GTMSessionFetcherCore.bundle -scanforprivacyfile /Users/ayushyachitransh/Library/Developer/Xcode/DerivedData/bookApp-fuwvsqbobfenvpgtholzzzggmgpg/Build/Products/Debug-iphonesimulator/bookApp.app/GoogleDataTransport_GoogleDataTransport.bundle -scanforprivacyfile /Users/ayushyachitransh/Library/Developer/Xcode/DerivedData/bookApp-fuwvsqbobfenvpgtholzzzggmgpg/Build/Products/Debug-iphonesimulator/bookApp.app/GoogleSignIn_GoogleSignIn.bundle -scanforprivacyfile /Users/ayushyachitransh/Library/Developer/Xcode/DerivedData/bookApp-fuwvsqbobfenvpgtholzzzggmgpg/Build/Products/Debug-iphonesimulator/bookApp.app/GoogleSignIn_GoogleSignInSwift.bundle -scanforprivacyfile /Users/ayushyachitransh/Library/Developer/Xcode/DerivedData/bookApp-fuwvsqbobfenvpgtholzzzggmgpg/Build/Products/Debug-iphonesimulator/bookApp.app/GoogleUtilities_GoogleUtilities-AppDelegateSwizzler.bundle -scanforprivacyfile /Users/ayushyachitransh/Library/Developer/Xcode/DerivedData/bookApp-fuwvsqbobfenvpgtholzzzggmgpg/Build/Products/Debug-iphonesimulator/bookApp.app/GoogleUtilities_GoogleUtilities-Environment.bundle -scanforprivacyfile /Users/ayushyachitransh/Library/Developer/Xcode/DerivedData/bookApp-fuwvsqbobfenvpgtholzzzggmgpg/Build/Products/Debug-iphonesimulator/bookApp.app/GoogleUtilities_GoogleUtilities-Logger.bundle -scanforprivacyfile /Users/ayushyachitransh/Library/Developer/Xcode/DerivedData/bookApp-fuwvsqbobfenvpgtholzzzggmgpg/Build/Products/Debug-iphonesimulator/bookApp.app/GoogleUtilities_GoogleUtilities-MethodSwizzler.bundle -scanforprivacyfile /Users/ayushyachitransh/Library/Developer/Xcode/DerivedData/bookApp-fuwvsqbobfenvpgtholzzzggmgpg/Build/Products/Debug-iphonesimulator/bookApp.app/GoogleUtilities_GoogleUtilities-NSData.bundle -scanforprivacyfile /Users/ayushyachitransh/Library/Developer/Xcode/DerivedData/bookApp-fuwvsqbobfenvpgtholzzzggmgpg/Build/Products/Debug-iphonesimulator/bookApp.app/GoogleUtilities_GoogleUtilities-Network.bundle -scanforprivacyfile /Users/ayushyachitransh/Library/Developer/Xcode/DerivedData/bookApp-fuwvsqbobfenvpgtholzzzggmgpg/Build/Products/Debug-iphonesimulator/bookApp.app/GoogleUtilities_GoogleUtilities-Reachability.bundle -scanforprivacyfile /Users/ayushyachitransh/Library/Developer/Xcode/DerivedData/bookApp-fuwvsqbobfenvpgtholzzzggmgpg/Build/Products/Debug-iphonesimulator/bookApp.app/GoogleUtilities_GoogleUtilities-UserDefaults.bundle -scanforprivacyfile /Users/ayushyachitransh/Library/Developer/Xcode/DerivedData/bookApp-fuwvsqbobfenvpgtholzzzggmgpg/Build/Products/Debug-iphonesimulator/bookApp.app/Promises_FBLPromises.bundle -scanforprivacyfile /Users/ayushyachitransh/Library/Developer/Xcode/DerivedData/bookApp-fuwvsqbobfenvpgtholzzzggmgpg/Build/Products/Debug-iphonesimulator/bookApp.app/Promises_Promises.bundle -scanforprivacyfile /Users/ayushyachitransh/Library/Developer/Xcode/DerivedData/bookApp-fuwvsqbobfenvpgtholzzzggmgpg/Build/Products/Debug-iphonesimulator/bookApp.app/abseil_abslWrapper.bundle -scanforprivacyfile /Users/ayushyachitransh/Library/Developer/Xcode/DerivedData/bookApp-fuwvsqbobfenvpgtholzzzggmgpg/Build/Products/Debug-iphonesimulator/bookApp.app/gRPC_grpcWrapper.bundle -scanforprivacyfile /Users/ayushyachitransh/Library/Developer/Xcode/DerivedData/bookApp-fuwvsqbobfenvpgtholzzzggmgpg/Build/Products/Debug-iphonesimulator/bookApp.app/gRPC_grpcppWrapper.bundle -scanforprivacyfile /Users/ayushyachitransh/Library/Developer/Xcode/DerivedData/bookApp-fuwvsqbobfenvpgtholzzzggmgpg/Build/Products/Debug-iphonesimulator/bookApp.app/gRPC_opensslWrapper.bundle -scanforprivacyfile /Users/ayushyachitransh/Library/Developer/Xcode/DerivedData/bookApp-fuwvsqbobfenvpgtholzzzggmgpg/Build/Products/Debug-iphonesimulator/bookApp.app/leveldb_leveldb.bundle -scanforprivacyfile /Users/ayushyachitransh/Library/Developer/Xcode/DerivedData/bookApp-fuwvsqbobfenvpgtholzzzggmgpg/Build/Products/Debug-iphonesimulator/bookApp.app/nanopb_nanopb.bundle -o /Users/ayushyachitransh/Library/Developer/Xcode/DerivedData/bookApp-fuwvsqbobfenvpgtholzzzggmgpg/Build/Products/Debug-iphonesimulator/bookApp.app/Info.plist

SwiftCompile normal arm64 Compiling\ MyGroupsView.swift /Users/ayushyachitransh/development/bookstore/bookApp/bookApp/bookApp/Views/Groups/MyGroupsView.swift (in target 'bookApp' from project 'bookApp')

SwiftCompile normal arm64 /Users/ayushyachitransh/development/bookstore/bookApp/bookApp/bookApp/Views/Groups/MyGroupsView.swift (in target 'bookApp' from project 'bookApp')
    cd /Users/ayushyachitransh/development/bookstore/bookApp/bookApp
    

SwiftCompile normal arm64 Compiling\ MyLibraryView.swift /Users/ayushyachitransh/development/bookstore/bookApp/bookApp/bookApp/Views/MyLibraryView.swift (in target 'bookApp' from project 'bookApp')

SwiftCompile normal arm64 /Users/ayushyachitransh/development/bookstore/bookApp/bookApp/bookApp/Views/MyLibraryView.swift (in target 'bookApp' from project 'bookApp')
    cd /Users/ayushyachitransh/development/bookstore/bookApp/bookApp
    

SwiftEmitModule normal arm64 Emitting\ module\ for\ bookApp (in target 'bookApp' from project 'bookApp')

EmitSwiftModule normal arm64 (in target 'bookApp' from project 'bookApp')
    cd /Users/ayushyachitransh/development/bookstore/bookApp/bookApp
    

SwiftCompile normal arm64 Compiling\ GroupMembersView.swift /Users/ayushyachitransh/development/bookstore/bookApp/bookApp/bookApp/Views/Groups/GroupMembersView.swift (in target 'bookApp' from project 'bookApp')
Failed frontend command:
/Applications/Xcode.app/Contents/Developer/Toolchains/XcodeDefault.xctoolchain/usr/bin/swift-frontend -frontend -c /Users/ayushyachitransh/development/bookstore/bookApp/bookApp/bookApp/Models/Book.swift /Users/ayushyachitransh/development/bookstore/bookApp/bookApp/bookApp/Models/BookClub.swift /Users/ayushyachitransh/development/bookstore/bookApp/bookApp/bookApp/Models/BookNotification.swift /Users/ayushyachitransh/development/bookstore/bookApp/bookApp/bookApp/Models/GroupMember.swift /Users/ayushyachitransh/development/bookstore/bookApp/bookApp/bookApp/Models/Message.swift /Users/ayushyachitransh/development/bookstore/bookApp/bookApp/bookApp/Models/PublicUserProfile.swift /Users/ayushyachitransh/development/bookstore/bookApp/bookApp/bookApp/Models/Transaction.swift /Users/ayushyachitransh/development/bookstore/bookApp/bookApp/bookApp/Models/User.swift /Users/ayushyachitransh/development/bookstore/bookApp/bookApp/bookApp/Services/APIClient.swift /Users/ayushyachitransh/development/bookstore/bookApp/bookApp/bookApp/Services/APIConfiguration.swift /Users/ayushyachitransh/development/bookstore/bookApp/bookApp/bookApp/Services/AuthService.swift /Users/ayushyachitransh/development/bookstore/bookApp/bookApp/bookApp/Services/BookService.swift /Users/ayushyachitransh/development/bookstore/bookApp/bookApp/bookApp/Services/GroupService.swift /Users/ayushyachitransh/development/bookstore/bookApp/bookApp/bookApp/Services/ISBNService.swift /Users/ayushyachitransh/development/bookstore/bookApp/bookApp/bookApp/Services/KeychainManager.swift /Users/ayushyachitransh/development/bookstore/bookApp/bookApp/bookApp/Services/MessageService.swift /Users/ayushyachitransh/development/bookstore/bookApp/bookApp/bookApp/Services/NotificationService.swift /Users/ayushyachitransh/development/bookstore/bookApp/bookApp/bookApp/Services/Protocols.swift /Users/ayushyachitransh/development/bookstore/bookApp/bookApp/bookApp/Services/TransactionService.swift /Users/ayushyachitransh/development/bookstore/bookApp/bookApp/bookApp/Services/UserService.swift /Users/ayushyachitransh/development/bookstore/bookApp/bookApp/bookApp/Utilities/AppDataRefresher.swift /Users/ayushyachitransh/development/bookstore/bookApp/bookApp/bookApp/Utilities/AppDataStore.swift /Users/ayushyachitransh/development/bookstore/bookApp/bookApp/bookApp/Utilities/AppTheme.swift /Users/ayushyachitransh/development/bookstore/bookApp/bookApp/bookApp/Utilities/TabManager.swift /Users/ayushyachitransh/development/bookstore/bookApp/bookApp/bookApp/Utilities/ThemeManager.swift /Users/ayushyachitransh/development/bookstore/bookApp/bookApp/bookApp/ViewModels/AuthViewModel.swift /Users/ayushyachitransh/development/bookstore/bookApp/bookApp/bookApp/ViewModels/BookDetailViewModel.swift /Users/ayushyachitransh/development/bookstore/bookApp/bookApp/bookApp/ViewModels/ChatViewModel.swift /Users/ayushyachitransh/development/bookstore/bookApp/bookApp/bookApp/ViewModels/HomeViewModel.swift /Users/ayushyachitransh/development/bookstore/bookApp/bookApp/bookApp/ViewModels/MyLibraryViewModel.swift /Users/ayushyachitransh/development/bookstore/bookApp/bookApp/bookApp/ViewModels/NotificationsViewModel.swift /Users/ayushyachitransh/development/bookstore/bookApp/bookApp/bookApp/ViewModels/NotificationViewModel.swift /Users/ayushyachitransh/development/bookstore/bookApp/bookApp/bookApp/ViewModels/ProfileViewModel.swift /Users/ayushyachitransh/development/bookstore/bookApp/bookApp/bookApp/ViewModels/PublicProfileViewModel.swift /Users/ayushyachitransh/development/bookstore/bookApp/bookApp/bookApp/Views/Components/GroupCardView.swift /Users/ayushyachitransh/development/bookstore/bookApp/bookApp/bookApp/Views/Groups/CreateGroupView.swift /Users/ayushyachitransh/development/bookstore/bookApp/bookApp/bookApp/Views/Groups/DiscoverGroupsView.swift /Users/ayushyachitransh/development/bookstore/bookApp/bookApp/bookApp/Views/Groups/GroupDetailView.swift -primary-file /Users/ayushyachitransh/development/bookstore/bookApp/bookApp/bookApp/Views/Groups/GroupMembersView.swift /Users/ayushyachitransh/development/bookstore/bookApp/bookApp/bookApp/Views/Groups/GroupSettingsView.swift /Users/ayushyachitransh/development/bookstore/bookApp/bookApp/bookApp/Views/Groups/MyGroupsView.swift /Users/ayushyachitransh/development/bookstore/bookApp/bookApp/bookApp/Views/Notifications/NotificationsView.swift /Users/ayushyachitransh/development/bookstore/bookApp/bookApp/bookApp/Views/Transactions/BorrowRequestView.swift /Users/ayushyachitransh/development/bookstore/bookApp/bookApp/bookApp/Views/Transactions/ChatView.swift /Users/ayushyachitransh/development/bookstore/bookApp/bookApp/bookApp/Views/Transactions/OTPHandoverView.swift /Users/ayushyachitransh/development/bookstore/bookApp/bookApp/bookApp/Views/Transactions/OTPReturnView.swift /Users/ayushyachitransh/development/bookstore/bookApp/bookApp/bookApp/Views/Transactions/RatingView.swift /Users/ayushyachitransh/development/bookstore/bookApp/bookApp/bookApp/Views/Transactions/TransactionDetailView.swift /Users/ayushyachitransh/development/bookstore/bookApp/bookApp/bookApp/Views/AddBookView.swift /Users/ayushyachitransh/development/bookstore/bookApp/bookApp/bookApp/Views/AuthenticationView.swift /Users/ayushyachitransh/development/bookstore/bookApp/bookApp/bookApp/Views/BookClubHomeView.swift /Users/ayushyachitransh/development/bookstore/bookApp/bookApp/bookApp/Views/BookDetailView.swift /Users/ayushyachitransh/development/bookstore/bookApp/bookApp/bookApp/Views/EditProfileView.swift /Users/ayushyachitransh/development/bookstore/bookApp/bookApp/bookApp/Views/EnvironmentBanner.swift /Users/ayushyachitransh/development/bookstore/bookApp/bookApp/bookApp/Views/HomeView.swift /Users/ayushyachitransh/development/bookstore/bookApp/bookApp/bookApp/Views/ISBNScannerView.swift /Users/ayushyachitransh/development/bookstore/bookApp/bookApp/bookApp/Views/MainTabView.swift /Users/ayushyachitransh/development/bookstore/bookApp/bookApp/bookApp/Views/MyLibraryView.swift /Users/ayushyachitransh/development/bookstore/bookApp/bookApp/bookApp/Views/ProfileView.swift /Users/ayushyachitransh/development/bookstore/bookApp/bookApp/bookApp/Views/PublicProfileView.swift /Users/ayushyachitransh/development/bookstore/bookApp/bookApp/bookApp/Views/RequestNotificationView.swift /Users/ayushyachitransh/development/bookstore/bookApp/bookApp/bookApp/AppDelegate.swift /Users/ayushyachitransh/development/bookstore/bookApp/bookApp/bookApp/BookClubApp.swift /Users/ayushyachitransh/development/bookstore/bookApp/bookApp/bookApp/ContentView.swift /Users/ayushyachitransh/Library/Developer/Xcode/DerivedData/bookApp-fuwvsqbobfenvpgtholzzzggmgpg/Build/Intermediates.noindex/bookApp.build/Debug-iphonesimulator/bookApp.build/DerivedSources/GeneratedAssetSymbols.swift -emit-dependencies-path /Users/ayushyachitransh/Library/Developer/Xcode/DerivedData/bookApp-fuwvsqbobfenvpgtholzzzggmgpg/Build/Intermediates.noindex/bookApp.build/Debug-iphonesimulator/bookApp.build/Objects-normal/arm64/GroupMembersView.d -emit-const-values-path /Users/ayushyachitransh/Library/Developer/Xcode/DerivedData/bookApp-fuwvsqbobfenvpgtholzzzggmgpg/Build/Intermediates.noindex/bookApp.build/Debug-iphonesimulator/bookApp.build/Objects-normal/arm64/GroupMembersView.swiftconstvalues -emit-reference-dependencies-path /Users/ayushyachitransh/Library/Developer/Xcode/DerivedData/bookApp-fuwvsqbobfenvpgtholzzzggmgpg/Build/Intermediates.noindex/bookApp.build/Debug-iphonesimulator/bookApp.build/Objects-normal/arm64/GroupMembersView.swiftdeps -serialize-diagnostics-path /Users/ayushyachitransh/Library/Developer/Xcode/DerivedData/bookApp-fuwvsqbobfenvpgtholzzzggmgpg/Build/Intermediates.noindex/bookApp.build/Debug-iphonesimulator/bookApp.build/Objects-normal/arm64/GroupMembersView.dia -emit-localized-strings -emit-localized-strings-path /Users/ayushyachitransh/Library/Developer/Xcode/DerivedData/bookApp-fuwvsqbobfenvpgtholzzzggmgpg/Build/Intermediates.noindex/bookApp.build/Debug-iphonesimulator/bookApp.build/Objects-normal/arm64 -target arm64-apple-ios17.6-simulator -module-can-import-version DeveloperToolsSupport 23.0.4 23.0.4 -module-can-import-version SwiftUI 7.2.5.1 7.2.5 -module-can-import-version UIKit 9126.2.4.1 9126.2.4 -load-resolved-plugin /Applications/Xcode.app/Contents/Developer/Platforms/iPhoneOS.platform/Developer/usr/lib/swift/host/plugins/libFoundationMacros.dylib\#/Applications/Xcode.app/Contents/Developer/Platforms/iPhoneOS.platform/Developer/usr/bin/swift-plugin-server\#FoundationMacros -load-resolved-plugin /Applications/Xcode.app/Contents/Developer/Platforms/iPhoneOS.platform/Developer/usr/lib/swift/host/plugins/libObservationMacros.dylib\#/Applications/Xcode.app/Contents/Developer/Platforms/iPhoneOS.platform/Developer/usr/bin/swift-plugin-server\#ObservationMacros -load-resolved-plugin /Applications/Xcode.app/Contents/Developer/Platforms/iPhoneOS.platform/Developer/usr/lib/swift/host/plugins/libPreviewsMacros.dylib\#/Applications/Xcode.app/Contents/Developer/Platforms/iPhoneOS.platform/Developer/usr/bin/swift-plugin-server\#PreviewsMacros -load-resolved-plugin /Applications/Xcode.app/Contents/Developer/Platforms/iPhoneOS.platform/Developer/usr/lib/swift/host/plugins/libSwiftMacros.dylib\#/Applications/Xcode.app/Contents/Developer/Platforms/iPhoneOS.platform/Developer/usr/bin/swift-plugin-server\#SwiftMacros -load-resolved-plugin /Applications/Xcode.app/Contents/Developer/Platforms/iPhoneOS.platform/Developer/usr/lib/swift/host/plugins/libSwiftUIMacros.dylib\#/Applications/Xcode.app/Contents/Developer/Platforms/iPhoneOS.platform/Developer/usr/bin/swift-plugin-server\#SwiftUIMacros -disable-implicit-swift-modules -Xcc -fno-implicit-modules -Xcc -fno-implicit-module-maps -explicit-swift-module-map-file /Users/ayushyachitransh/Library/Developer/Xcode/DerivedData/bookApp-fuwvsqbobfenvpgtholzzzggmgpg/Build/Intermediates.noindex/bookApp.build/Debug-iphonesimulator/bookApp.build/Objects-normal/arm64/bookApp-dependencies-1.json -Xllvm -aarch64-use-tbi -enable-objc-interop -sdk /Applications/Xcode.app/Contents/Developer/Platforms/iPhoneSimulator.platform/Developer/SDKs/iPhoneSimulator26.2.sdk -I /Users/ayushyachitransh/Library/Developer/Xcode/DerivedData/bookApp-fuwvsqbobfenvpgtholzzzggmgpg/Build/Products/Debug-iphonesimulator -F /Users/ayushyachitransh/Library/Developer/Xcode/DerivedData/bookApp-fuwvsqbobfenvpgtholzzzggmgpg/Build/Products/Debug-iphonesimulator/PackageFrameworks -F /Users/ayushyachitransh/Library/Developer/Xcode/DerivedData/bookApp-fuwvsqbobfenvpgtholzzzggmgpg/Build/Products/Debug-iphonesimulator/PackageFrameworks -F /Users/ayushyachitransh/Library/Developer/Xcode/DerivedData/bookApp-fuwvsqbobfenvpgtholzzzggmgpg/Build/Products/Debug-iphonesimulator/PackageFrameworks -F /Users/ayushyachitransh/Library/Developer/Xcode/DerivedData/bookApp-fuwvsqbobfenvpgtholzzzggmgpg/Build/Products/Debug-iphonesimulator/PackageFrameworks -F /Users/ayushyachitransh/Library/Developer/Xcode/DerivedData/bookApp-fuwvsqbobfenvpgtholzzzggmgpg/Build/Products/Debug-iphonesimulator/PackageFrameworks -F /Users/ayushyachitransh/Library/Developer/Xcode/DerivedData/bookApp-fuwvsqbobfenvpgtholzzzggmgpg/Build/Products/Debug-iphonesimulator/PackageFrameworks -F /Users/ayushyachitransh/Library/Developer/Xcode/DerivedData/bookApp-fuwvsqbobfenvpgtholzzzggmgpg/Build/Products/Debug-iphonesimulator/PackageFrameworks -F /Users/ayushyachitransh/Library/Developer/Xcode/DerivedData/bookApp-fuwvsqbobfenvpgtholzzzggmgpg/Build/Products/Debug-iphonesimulator/PackageFrameworks -F /Users/ayushyachitransh/Library/Developer/Xcode/DerivedData/bookApp-fuwvsqbobfenvpgtholzzzggmgpg/Build/Products/Debug-iphonesimulator/PackageFrameworks -F /Users/ayushyachitransh/Library/Developer/Xcode/DerivedData/bookApp-fuwvsqbobfenvpgtholzzzggmgpg/Build/Products/Debug-iphonesimulator/PackageFrameworks -F /Users/ayushyachitransh/Library/Developer/Xcode/DerivedData/bookApp-fuwvsqbobfenvpgtholzzzggmgpg/Build/Products/Debug-iphonesimulator/PackageFrameworks -F /Users/ayushyachitransh/Library/Developer/Xcode/DerivedData/bookApp-fuwvsqbobfenvpgtholzzzggmgpg/Build/Products/Debug-iphonesimulator/PackageFrameworks -F /Users/ayushyachitransh/Library/Developer/Xcode/DerivedData/bookApp-fuwvsqbobfenvpgtholzzzggmgpg/Build/Products/Debug-iphonesimulator/PackageFrameworks -F /Users/ayushyachitransh/Library/Developer/Xcode/DerivedData/bookApp-fuwvsqbobfenvpgtholzzzggmgpg/Build/Products/Debug-iphonesimulator/PackageFrameworks -F /Users/ayushyachitransh/Library/Developer/Xcode/DerivedData/bookApp-fuwvsqbobfenvpgtholzzzggmgpg/Build/Products/Debug-iphonesimulator/PackageFrameworks -F /Users/ayushyachitransh/Library/Developer/Xcode/DerivedData/bookApp-fuwvsqbobfenvpgtholzzzggmgpg/Build/Products/Debug-iphonesimulator/PackageFrameworks -F /Users/ayushyachitransh/Library/Developer/Xcode/DerivedData/bookApp-fuwvsqbobfenvpgtholzzzggmgpg/Build/Products/Debug-iphonesimulator/PackageFrameworks -F /Users/ayushyachitransh/Library/Developer/Xcode/DerivedData/bookApp-fuwvsqbobfenvpgtholzzzggmgpg/Build/Products/Debug-iphonesimulator/PackageFrameworks -F /Users/ayushyachitransh/Library/Developer/Xcode/DerivedData/bookApp-fuwvsqbobfenvpgtholzzzggmgpg/Build/Products/Debug-iphonesimulator/PackageFrameworks -F /Users/ayushyachitransh/Library/Developer/Xcode/DerivedData/bookApp-fuwvsqbobfenvpgtholzzzggmgpg/Build/Products/Debug-iphonesimulator/PackageFrameworks -F /Users/ayushyachitransh/Library/Developer/Xcode/DerivedData/bookApp-fuwvsqbobfenvpgtholzzzggmgpg/Build/Products/Debug-iphonesimulator/PackageFrameworks -F /Users/ayushyachitransh/Library/Developer/Xcode/DerivedData/bookApp-fuwvsqbobfenvpgtholzzzggmgpg/Build/Products/Debug-iphonesimulator/PackageFrameworks -F /Users/ayushyachitransh/Library/Developer/Xcode/DerivedData/bookApp-fuwvsqbobfenvpgtholzzzggmgpg/Build/Products/Debug-iphonesimulator/PackageFrameworks -F /Users/ayushyachitransh/Library/Developer/Xcode/DerivedData/bookApp-fuwvsqbobfenvpgtholzzzggmgpg/Build/Products/Debug-iphonesimulator/PackageFrameworks -F /Users/ayushyachitransh/Library/Developer/Xcode/DerivedData/bookApp-fuwvsqbobfenvpgtholzzzggmgpg/Build/Products/Debug-iphonesimulator/PackageFrameworks -F /Users/ayushyachitransh/Library/Developer/Xcode/DerivedData/bookApp-fuwvsqbobfenvpgtholzzzggmgpg/Build/Products/Debug-iphonesimulator/PackageFrameworks -F /Users/ayushyachitransh/Library/Developer/Xcode/DerivedData/bookApp-fuwvsqbobfenvpgtholzzzggmgpg/Build/Products/Debug-iphonesimulator/PackageFrameworks -F /Users/ayushyachitransh/Library/Developer/Xcode/DerivedData/bookApp-fuwvsqbobfenvpgtholzzzggmgpg/Build/Products/Debug-iphonesimulator/PackageFrameworks -F /Users/ayushyachitransh/Library/Developer/Xcode/DerivedData/bookApp-fuwvsqbobfenvpgtholzzzggmgpg/Build/Products/Debug-iphonesimulator/PackageFrameworks -F /Users/ayushyachitransh/Library/Developer/Xcode/DerivedData/bookApp-fuwvsqbobfenvpgtholzzzggmgpg/Build/Products/Debug-iphonesimulator/PackageFrameworks -F /Users/ayushyachitransh/Library/Developer/Xcode/DerivedData/bookApp-fuwvsqbobfenvpgtholzzzggmgpg/Build/Products/Debug-iphonesimulator/PackageFrameworks -F /Users/ayushyachitransh/Library/Developer/Xcode/DerivedData/bookApp-fuwvsqbobfenvpgtholzzzggmgpg/Build/Products/Debug-iphonesimulator/PackageFrameworks -F /Users/ayushyachitransh/Library/Developer/Xcode/DerivedData/bookApp-fuwvsqbobfenvpgtholzzzggmgpg/Build/Products/Debug-iphonesimulator/PackageFrameworks -F /Users/ayushyachitransh/Library/Developer/Xcode/DerivedData/bookApp-fuwvsqbobfenvpgtholzzzggmgpg/Build/Products/Debug-iphonesimulator/PackageFrameworks -F /Users/ayushyachitransh/Library/Developer/Xcode/DerivedData/bookApp-fuwvsqbobfenvpgtholzzzggmgpg/Build/Products/Debug-iphonesimulator/PackageFrameworks -F /Users/ayushyachitransh/Library/Developer/Xcode/DerivedData/bookApp-fuwvsqbobfenvpgtholzzzggmgpg/Build/Products/Debug-iphonesimulator/PackageFrameworks -F /Users/ayushyachitransh/Library/Developer/Xcode/DerivedData/bookApp-fuwvsqbobfenvpgtholzzzggmgpg/Build/Products/Debug-iphonesimulator/PackageFrameworks -F /Users/ayushyachitransh/Library/Developer/Xcode/DerivedData/bookApp-fuwvsqbobfenvpgtholzzzggmgpg/Build/Products/Debug-iphonesimulator/PackageFrameworks -F /Users/ayushyachitransh/Library/Developer/Xcode/DerivedData/bookApp-fuwvsqbobfenvpgtholzzzggmgpg/Build/Products/Debug-iphonesimulator/PackageFrameworks -F /Users/ayushyachitransh/Library/Developer/Xcode/DerivedData/bookApp-fuwvsqbobfenvpgtholzzzggmgpg/Build/Products/Debug-iphonesimulator/PackageFrameworks -F /Users/ayushyachitransh/Library/Developer/Xcode/DerivedData/bookApp-fuwvsqbobfenvpgtholzzzggmgpg/Build/Products/Debug-iphonesimulator/PackageFrameworks -F /Users/ayushyachitransh/Library/Developer/Xcode/DerivedData/bookApp-fuwvsqbobfenvpgtholzzzggmgpg/Build/Products/Debug-iphonesimulator/PackageFrameworks -F /Users/ayushyachitransh/Library/Developer/Xcode/DerivedData/bookApp-fuwvsqbobfenvpgtholzzzggmgpg/Build/Products/Debug-iphonesimulator/PackageFrameworks -F /Users/ayushyachitransh/Library/Developer/Xcode/DerivedData/bookApp-fuwvsqbobfenvpgtholzzzggmgpg/Build/Products/Debug-iphonesimulator/PackageFrameworks -F /Users/ayushyachitransh/Library/Developer/Xcode/DerivedData/bookApp-fuwvsqbobfenvpgtholzzzggmgpg/Build/Products/Debug-iphonesimulator/PackageFrameworks -F /Users/ayushyachitransh/Library/Developer/Xcode/DerivedData/bookApp-fuwvsqbobfenvpgtholzzzggmgpg/Build/Products/Debug-iphonesimulator/PackageFrameworks -F /Users/ayushyachitransh/Library/Developer/Xcode/DerivedData/bookApp-fuwvsqbobfenvpgtholzzzggmgpg/Build/Products/Debug-iphonesimulator/PackageFrameworks -F /Users/ayushyachitransh/Library/Developer/Xcode/DerivedData/bookApp-fuwvsqbobfenvpgtholzzzggmgpg/Build/Products/Debug-iphonesimulator/PackageFrameworks -F /Users/ayushyachitransh/Library/Developer/Xcode/DerivedData/bookApp-fuwvsqbobfenvpgtholzzzggmgpg/Build/Products/Debug-iphonesimulator/PackageFrameworks -F /Users/ayushyachitransh/Library/Developer/Xcode/DerivedData/bookApp-fuwvsqbobfenvpgtholzzzggmgpg/Build/Products/Debug-iphonesimulator/PackageFrameworks -F /Users/ayushyachitransh/Library/Developer/Xcode/DerivedData/bookApp-fuwvsqbobfenvpgtholzzzggmgpg/Build/Products/Debug-iphonesimulator/PackageFrameworks -F /Users/ayushyachitransh/Library/Developer/Xcode/DerivedData/bookApp-fuwvsqbobfenvpgtholzzzggmgpg/Build/Products/Debug-iphonesimulator/PackageFrameworks -F /Users/ayushyachitransh/Library/Developer/Xcode/DerivedData/bookApp-fuwvsqbobfenvpgtholzzzggmgpg/Build/Products/Debug-iphonesimulator/PackageFrameworks -F /Users/ayushyachitransh/Library/Developer/Xcode/DerivedData/bookApp-fuwvsqbobfenvpgtholzzzggmgpg/Build/Products/Debug-iphonesimulator/PackageFrameworks -F /Users/ayushyachitransh/Library/Developer/Xcode/DerivedData/bookApp-fuwvsqbobfenvpgtholzzzggmgpg/Build/Products/Debug-iphonesimulator/PackageFrameworks -F /Users/ayushyachitransh/Library/Developer/Xcode/DerivedData/bookApp-fuwvsqbobfenvpgtholzzzggmgpg/Build/Products/Debug-iphonesimulator/PackageFrameworks -F /Users/ayushyachitransh/Library/Developer/Xcode/DerivedData/bookApp-fuwvsqbobfenvpgtholzzzggmgpg/Build/Products/Debug-iphonesimulator/PackageFrameworks -F /Users/ayushyachitransh/Library/Developer/Xcode/DerivedData/bookApp-fuwvsqbobfenvpgtholzzzggmgpg/Build/Products/Debug-iphonesimulator/PackageFrameworks -F /Users/ayushyachitransh/Library/Developer/Xcode/DerivedData/bookApp-fuwvsqbobfenvpgtholzzzggmgpg/Build/Products/Debug-iphonesimulator/PackageFrameworks -F /Users/ayushyachitransh/Library/Developer/Xcode/DerivedData/bookApp-fuwvsqbobfenvpgtholzzzggmgpg/Build/Products/Debug-iphonesimulator/PackageFrameworks -F /Users/ayushyachitransh/Library/Developer/Xcode/DerivedData/bookApp-fuwvsqbobfenvpgtholzzzggmgpg/Build/Products/Debug-iphonesimulator/PackageFrameworks -F /Users/ayushyachitransh/Library/Developer/Xcode/DerivedData/bookApp-fuwvsqbobfenvpgtholzzzggmgpg/Build/Products/Debug-iphonesimulator/PackageFrameworks -F /Users/ayushyachitransh/Library/Developer/Xcode/DerivedData/bookApp-fuwvsqbobfenvpgtholzzzggmgpg/Build/Products/Debug-iphonesimulator/PackageFrameworks -F /Users/ayushyachitransh/Library/Developer/Xcode/DerivedData/bookApp-fuwvsqbobfenvpgtholzzzggmgpg/Build/Products/Debug-iphonesimulator/PackageFrameworks -F /Users/ayushyachitransh/Library/Developer/Xcode/DerivedData/bookApp-fuwvsqbobfenvpgtholzzzggmgpg/Build/Products/Debug-iphonesimulator/PackageFrameworks -F /Users/ayushyachitransh/Library/Developer/Xcode/DerivedData/bookApp-fuwvsqbobfenvpgtholzzzggmgpg/Build/Products/Debug-iphonesimulator/PackageFrameworks -F /Users/ayushyachitransh/Library/Developer/Xcode/DerivedData/bookApp-fuwvsqbobfenvpgtholzzzggmgpg/Build/Products/Debug-iphonesimulator/PackageFrameworks -F /Users/ayushyachitransh/Library/Developer/Xcode/DerivedData/bookApp-fuwvsqbobfenvpgtholzzzggmgpg/Build/Products/Debug-iphonesimulator/PackageFrameworks -F /Users/ayushyachitransh/Library/Developer/Xcode/DerivedData/bookApp-fuwvsqbobfenvpgtholzzzggmgpg/Build/Products/Debug-iphonesimulator/PackageFrameworks -F /Users/ayushyachitransh/Library/Developer/Xcode/DerivedData/bookApp-fuwvsqbobfenvpgtholzzzggmgpg/Build/Products/Debug-iphonesimulator/PackageFrameworks -F /Users/ayushyachitransh/Library/Developer/Xcode/DerivedData/bookApp-fuwvsqbobfenvpgtholzzzggmgpg/Build/Products/Debug-iphonesimulator/PackageFrameworks -F /Users/ayushyachitransh/Library/Developer/Xcode/DerivedData/bookApp-fuwvsqbobfenvpgtholzzzggmgpg/Build/Products/Debug-iphonesimulator/PackageFrameworks -F /Users/ayushyachitransh/Library/Developer/Xcode/DerivedData/bookApp-fuwvsqbobfenvpgtholzzzggmgpg/Build/Products/Debug-iphonesimulator/PackageFrameworks -F /Users/ayushyachitransh/Library/Developer/Xcode/DerivedData/bookApp-fuwvsqbobfenvpgtholzzzggmgpg/Build/Products/Debug-iphonesimulator/PackageFrameworks -F /Users/ayushyachitransh/Library/Developer/Xcode/DerivedData/bookApp-fuwvsqbobfenvpgtholzzzggmgpg/Build/Products/Debug-iphonesimulator/PackageFrameworks -F /Users/ayushyachitransh/Library/Developer/Xcode/DerivedData/bookApp-fuwvsqbobfenvpgtholzzzggmgpg/Build/Products/Debug-iphonesimulator/PackageFrameworks -F /Users/ayushyachitransh/Library/Developer/Xcode/DerivedData/bookApp-fuwvsqbobfenvpgtholzzzggmgpg/Build/Products/Debug-iphonesimulator/PackageFrameworks -F /Users/ayushyachitransh/Library/Developer/Xcode/DerivedData/bookApp-fuwvsqbobfenvpgtholzzzggmgpg/Build/Products/Debug-iphonesimulator/PackageFrameworks -F /Users/ayushyachitransh/Library/Developer/Xcode/DerivedData/bookApp-fuwvsqbobfenvpgtholzzzggmgpg/Build/Products/Debug-iphonesimulator -no-color-diagnostics -Xcc -fno-color-diagnostics -enable-testing -g -debug-info-format\=dwarf -dwarf-version\=4 -module-cache-path /Users/ayushyachitransh/Library/Developer/Xcode/DerivedData/bookApp-fuwvsqbobfenvpgtholzzzggmgpg/Build/Intermediates.noindex/SwiftExplicitPrecompiledModules -profile-generate -profile-coverage-mapping -swift-version 5 -enforce-exclusivity\=checked -Onone -D DEBUG -serialize-debugging-options -const-gather-protocols-file /Users/ayushyachitransh/Library/Developer/Xcode/DerivedData/bookApp-fuwvsqbobfenvpgtholzzzggmgpg/Build/Intermediates.noindex/bookApp.build/Debug-iphonesimulator/bookApp.build/Objects-normal/arm64/bookApp_const_extract_protocols.json -enable-experimental-feature DebugDescriptionMacro -enable-bare-slash-regex -empty-abi-descriptor -validate-clang-modules-once -clang-build-session-file /Users/ayushyachitransh/Library/Developer/Xcode/DerivedData/ModuleCache.noindex/Session.modulevalidation -Xcc -working-directory -Xcc /Users/ayushyachitransh/development/bookstore/bookApp/bookApp -enable-anonymous-context-mangled-names -file-compilation-dir /Users/ayushyachitransh/development/bookstore/bookApp/bookApp -Xcc -fmodule-map-file\=/Users/ayushyachitransh/Library/Developer/Xcode/DerivedData/bookApp-fuwvsqbobfenvpgtholzzzggmgpg/Build/Intermediates.noindex/GeneratedModuleMaps-iphonesimulator/FirebaseAppCheck.modulemap -Xcc -fmodule-map-file\=/Users/ayushyachitransh/Library/Developer/Xcode/DerivedData/bookApp-fuwvsqbobfenvpgtholzzzggmgpg/Build/Intermediates.noindex/GeneratedModuleMaps-iphonesimulator/GoogleAppMeasurementCoreTarget.modulemap -Xcc -fmodule-map-file\=/Users/ayushyachitransh/Library/Developer/Xcode/DerivedData/bookApp-fuwvsqbobfenvpgtholzzzggmgpg/Build/Intermediates.noindex/GeneratedModuleMaps-iphonesimulator/FirebaseAnalyticsCoreWrapper.modulemap -Xcc -fmodule-map-file\=/Users/ayushyachitransh/Library/Developer/Xcode/DerivedData/bookApp-fuwvsqbobfenvpgtholzzzggmgpg/Build/Intermediates.noindex/GeneratedModuleMaps-iphonesimulator/FirebaseAnalyticsCoreTarget.modulemap -Xcc -fmodule-map-file\=/Users/ayushyachitransh/Library/Developer/Xcode/DerivedData/bookApp-fuwvsqbobfenvpgtholzzzggmgpg/Build/Intermediates.noindex/GeneratedModuleMaps-iphonesimulator/GoogleAppMeasurementIdentitySupportTarget.modulemap -Xcc -fmodule-map-file\=/Users/ayushyachitransh/Library/Developer/Xcode/DerivedData/bookApp-fuwvsqbobfenvpgtholzzzggmgpg/Build/Intermediates.noindex/GeneratedModuleMaps-iphonesimulator/FirebaseAnalyticsIdentitySupportTarget.modulemap -Xcc -fmodule-map-file\=/Users/ayushyachitransh/Library/Developer/Xcode/DerivedData/bookApp-fuwvsqbobfenvpgtholzzzggmgpg/Build/Intermediates.noindex/GeneratedModuleMaps-iphonesimulator/RecaptchaInterop.modulemap -Xcc -fmodule-map-file\=/Users/ayushyachitransh/Library/Developer/Xcode/DerivedData/bookApp-fuwvsqbobfenvpgtholzzzggmgpg/Build/Intermediates.noindex/GeneratedModuleMaps-iphonesimulator/FirebaseAuthInternal.modulemap -Xcc -fmodule-map-file\=/Users/ayushyachitransh/Library/Developer/Xcode/DerivedData/bookApp-fuwvsqbobfenvpgtholzzzggmgpg/Build/Intermediates.noindex/GeneratedModuleMaps-iphonesimulator/AppAuth.modulemap -Xcc -fmodule-map-file\=/Users/ayushyachitransh/Library/Developer/Xcode/DerivedData/bookApp-fuwvsqbobfenvpgtholzzzggmgpg/Build/Intermediates.noindex/GeneratedModuleMaps-iphonesimulator/AppAuthCore.modulemap -Xcc -fmodule-map-file\=/Users/ayushyachitransh/Library/Developer/Xcode/DerivedData/bookApp-fuwvsqbobfenvpgtholzzzggmgpg/Build/Intermediates.noindex/GeneratedModuleMaps-iphonesimulator/AppCheckCore.modulemap -Xcc -fmodule-map-file\=/Users/ayushyachitransh/Library/Developer/Xcode/DerivedData/bookApp-fuwvsqbobfenvpgtholzzzggmgpg/Build/Intermediates.noindex/GeneratedModuleMaps-iphonesimulator/GoogleSignIn.modulemap -Xcc -fmodule-map-file\=/Users/ayushyachitransh/Library/Developer/Xcode/DerivedData/bookApp-fuwvsqbobfenvpgtholzzzggmgpg/Build/Intermediates.noindex/GeneratedModuleMaps-iphonesimulator/abslWrapper.modulemap -Xcc -fmodule-map-file\=/Users/ayushyachitransh/Library/Developer/Xcode/DerivedData/bookApp-fuwvsqbobfenvpgtholzzzggmgpg/Build/Intermediates.noindex/GeneratedModuleMaps-iphonesimulator/opensslWrapper.modulemap -Xcc -fmodule-map-file\=/Users/ayushyachitransh/Library/Developer/Xcode/DerivedData/bookApp-fuwvsqbobfenvpgtholzzzggmgpg/Build/Intermediates.noindex/GeneratedModuleMaps-iphonesimulator/grpcWrapper.modulemap -Xcc -fmodule-map-file\=/Users/ayushyachitransh/Library/Developer/Xcode/DerivedData/bookApp-fuwvsqbobfenvpgtholzzzggmgpg/Build/Intermediates.noindex/GeneratedModuleMaps-iphonesimulator/grpcppWrapper.modulemap -Xcc -fmodule-map-file\=/Users/ayushyachitransh/Library/Developer/Xcode/DerivedData/bookApp-fuwvsqbobfenvpgtholzzzggmgpg/Build/Intermediates.noindex/GeneratedModuleMaps-iphonesimulator/FirebaseFirestoreTarget.modulemap -Xcc -fmodule-map-file\=/Users/ayushyachitransh/Library/Developer/Xcode/DerivedData/bookApp-fuwvsqbobfenvpgtholzzzggmgpg/Build/Intermediates.noindex/GeneratedModuleMaps-iphonesimulator/FirebaseFirestoreInternalWrapper.modulemap -Xcc -fmodule-map-file\=/Users/ayushyachitransh/Library/Developer/Xcode/DerivedData/bookApp-fuwvsqbobfenvpgtholzzzggmgpg/Build/Intermediates.noindex/GeneratedModuleMaps-iphonesimulator/FirebaseInAppMessagingInternal.modulemap -Xcc -fmodule-map-file\=/Users/ayushyachitransh/Library/Developer/Xcode/DerivedData/bookApp-fuwvsqbobfenvpgtholzzzggmgpg/Build/Intermediates.noindex/GeneratedModuleMaps-iphonesimulator/FirebaseInAppMessaging_iOS.modulemap -Xcc -fmodule-map-file\=/Users/ayushyachitransh/Library/Developer/Xcode/DerivedData/bookApp-fuwvsqbobfenvpgtholzzzggmgpg/Build/Intermediates.noindex/GeneratedModuleMaps-iphonesimulator/FirebaseInAppMessagingTarget.modulemap -Xcc -fmodule-map-file\=/Users/ayushyachitransh/Library/Developer/Xcode/DerivedData/bookApp-fuwvsqbobfenvpgtholzzzggmgpg/Build/Intermediates.noindex/GeneratedModuleMaps-iphonesimulator/FirebaseMessagingInterop.modulemap -Xcc -fmodule-map-file\=/Users/ayushyachitransh/Library/Developer/Xcode/DerivedData/bookApp-fuwvsqbobfenvpgtholzzzggmgpg/Build/Intermediates.noindex/GeneratedModuleMaps-iphonesimulator/GoogleAdsOnDeviceConversionTarget.modulemap -Xcc -fmodule-map-file\=/Users/ayushyachitransh/Library/Developer/Xcode/DerivedData/bookApp-fuwvsqbobfenvpgtholzzzggmgpg/Build/Intermediates.noindex/GeneratedModuleMaps-iphonesimulator/GoogleAppMeasurementTarget.modulemap -Xcc -fmodule-map-file\=/Users/ayushyachitransh/Library/Developer/Xcode/DerivedData/bookApp-fuwvsqbobfenvpgtholzzzggmgpg/Build/Intermediates.noindex/GeneratedModuleMaps-iphonesimulator/FirebaseAnalyticsWrapper.modulemap -Xcc -fmodule-map-file\=/Users/ayushyachitransh/Library/Developer/Xcode/DerivedData/bookApp-fuwvsqbobfenvpgtholzzzggmgpg/Build/Intermediates.noindex/GeneratedModuleMaps-iphonesimulator/FirebaseAnalyticsTarget.modulemap -Xcc -fmodule-map-file\=/Users/ayushyachitransh/Library/Developer/Xcode/DerivedData/bookApp-fuwvsqbobfenvpgtholzzzggmgpg/Build/Intermediates.noindex/GeneratedModuleMaps-iphonesimulator/GTMSessionFetcherCore.modulemap -Xcc -fmodule-map-file\=/Users/ayushyachitransh/Library/Developer/Xcode/DerivedData/bookApp-fuwvsqbobfenvpgtholzzzggmgpg/Build/Intermediates.noindex/GeneratedModuleMaps-iphonesimulator/FirebaseCrashlytics.modulemap -Xcc -fmodule-map-file\=/Users/ayushyachitransh/Library/Developer/Xcode/DerivedData/bookApp-fuwvsqbobfenvpgtholzzzggmgpg/Build/Intermediates.noindex/GeneratedModuleMaps-iphonesimulator/FirebaseAuthInterop.modulemap -Xcc -fmodule-map-file\=/Users/ayushyachitransh/Library/Developer/Xcode/DerivedData/bookApp-fuwvsqbobfenvpgtholzzzggmgpg/Build/Intermediates.noindex/GeneratedModuleMaps-iphonesimulator/GoogleUtilities-MethodSwizzler.modulemap -Xcc -fmodule-map-file\=/Users/ayushyachitransh/Library/Developer/Xcode/DerivedData/bookApp-fuwvsqbobfenvpgtholzzzggmgpg/Build/Intermediates.noindex/GeneratedModuleMaps-iphonesimulator/FirebasePerformance.modulemap -Xcc -fmodule-map-file\=/Users/ayushyachitransh/Library/Developer/Xcode/DerivedData/bookApp-fuwvsqbobfenvpgtholzzzggmgpg/Build/Intermediates.noindex/GeneratedModuleMaps-iphonesimulator/FirebaseSessionsObjC.modulemap -Xcc -fmodule-map-file\=/Users/ayushyachitransh/Library/Developer/Xcode/DerivedData/bookApp-fuwvsqbobfenvpgtholzzzggmgpg/Build/Intermediates.noindex/GeneratedModuleMaps-iphonesimulator/FirebaseCoreExtension.modulemap -Xcc -fmodule-map-file\=/Users/ayushyachitransh/Library/Developer/Xcode/DerivedData/bookApp-fuwvsqbobfenvpgtholzzzggmgpg/Build/Intermediates.noindex/GeneratedModuleMaps-iphonesimulator/FirebaseRemoteConfigInternal.modulemap -Xcc -fmodule-map-file\=/Users/ayushyachitransh/Library/Developer/Xcode/DerivedData/bookApp-fuwvsqbobfenvpgtholzzzggmgpg/Build/Intermediates.noindex/GeneratedModuleMaps-iphonesimulator/FirebaseABTesting.modulemap -Xcc -fmodule-map-file\=/Users/ayushyachitransh/Library/Developer/Xcode/DerivedData/bookApp-fuwvsqbobfenvpgtholzzzggmgpg/Build/Intermediates.noindex/GeneratedModuleMaps-iphonesimulator/FirebasePerformanceTarget.modulemap -Xcc -fmodule-map-file\=/Users/ayushyachitransh/Library/Developer/Xcode/DerivedData/bookApp-fuwvsqbobfenvpgtholzzzggmgpg/Build/Intermediates.noindex/GeneratedModuleMaps-iphonesimulator/leveldb.modulemap -Xcc -fmodule-map-file\=/Users/ayushyachitransh/Library/Developer/Xcode/DerivedData/bookApp-fuwvsqbobfenvpgtholzzzggmgpg/Build/Intermediates.noindex/GeneratedModuleMaps-iphonesimulator/FirebaseDatabaseInternal.modulemap -Xcc -fmodule-map-file\=/Users/ayushyachitransh/Library/Developer/Xcode/DerivedData/bookApp-fuwvsqbobfenvpgtholzzzggmgpg/Build/Intermediates.noindex/GeneratedModuleMaps-iphonesimulator/FirebaseAppCheckInterop.modulemap -Xcc -fmodule-map-file\=/Users/ayushyachitransh/Library/Developer/Xcode/DerivedData/bookApp-fuwvsqbobfenvpgtholzzzggmgpg/Build/Intermediates.noindex/GeneratedModuleMaps-iphonesimulator/FirebaseAppDistribution.modulemap -Xcc -fmodule-map-file\=/Users/ayushyachitransh/Library/Developer/Xcode/DerivedData/bookApp-fuwvsqbobfenvpgtholzzzggmgpg/Build/Intermediates.noindex/GeneratedModuleMaps-iphonesimulator/FirebaseAppDistributionTarget.modulemap -Xcc -fmodule-map-file\=/Users/ayushyachitransh/Library/Developer/Xcode/DerivedData/bookApp-fuwvsqbobfenvpgtholzzzggmgpg/Build/Intermediates.noindex/GeneratedModuleMaps-iphonesimulator/GoogleUtilities-Network.modulemap -Xcc -fmodule-map-file\=/Users/ayushyachitransh/Library/Developer/Xcode/DerivedData/bookApp-fuwvsqbobfenvpgtholzzzggmgpg/Build/Intermediates.noindex/GeneratedModuleMaps-iphonesimulator/GoogleUtilities-AppDelegateSwizzler.modulemap -Xcc -fmodule-map-file\=/Users/ayushyachitransh/Library/Developer/Xcode/DerivedData/bookApp-fuwvsqbobfenvpgtholzzzggmgpg/Build/Intermediates.noindex/GeneratedModuleMaps-iphonesimulator/GoogleUtilities-Reachability.modulemap -Xcc -fmodule-map-file\=/Users/ayushyachitransh/Library/Developer/Xcode/DerivedData/bookApp-fuwvsqbobfenvpgtholzzzggmgpg/Build/Intermediates.noindex/GeneratedModuleMaps-iphonesimulator/GoogleDataTransport.modulemap -Xcc -fmodule-map-file\=/Users/ayushyachitransh/Library/Developer/Xcode/DerivedData/bookApp-fuwvsqbobfenvpgtholzzzggmgpg/Build/Intermediates.noindex/GeneratedModuleMaps-iphonesimulator/nanopb.modulemap -Xcc -fmodule-map-file\=/Users/ayushyachitransh/Library/Developer/Xcode/DerivedData/bookApp-fuwvsqbobfenvpgtholzzzggmgpg/Build/Intermediates.noindex/GeneratedModuleMaps-iphonesimulator/FirebaseMessaging.modulemap -Xcc -fmodule-map-file\=/Users/ayushyachitransh/Library/Developer/Xcode/DerivedData/bookApp-fuwvsqbobfenvpgtholzzzggmgpg/Build/Intermediates.noindex/GeneratedModuleMaps-iphonesimulator/GoogleUtilities-NSData.modulemap -Xcc -fmodule-map-file\=/Users/ayushyachitransh/Library/Developer/Xcode/DerivedData/bookApp-fuwvsqbobfenvpgtholzzzggmgpg/Build/Intermediates.noindex/GeneratedModuleMaps-iphonesimulator/GoogleUtilities-Logger.modulemap -Xcc -fmodule-map-file\=/Users/ayushyachitransh/Library/Developer/Xcode/DerivedData/bookApp-fuwvsqbobfenvpgtholzzzggmgpg/Build/Intermediates.noindex/GeneratedModuleMaps-iphonesimulator/GoogleUtilities-Environment.modulemap -Xcc -fmodule-map-file\=/Users/ayushyachitransh/Library/Developer/Xcode/DerivedData/bookApp-fuwvsqbobfenvpgtholzzzggmgpg/Build/Intermediates.noindex/GeneratedModuleMaps-iphonesimulator/third-party-IsAppEncrypted.modulemap -Xcc -fmodule-map-file\=/Users/ayushyachitransh/Library/Developer/Xcode/DerivedData/bookApp-fuwvsqbobfenvpgtholzzzggmgpg/Build/Intermediates.noindex/GeneratedModuleMaps-iphonesimulator/GoogleUtilities-UserDefaults.modulemap -Xcc -fmodule-map-file\=/Users/ayushyachitransh/Library/Developer/Xcode/DerivedData/bookApp-fuwvsqbobfenvpgtholzzzggmgpg/Build/Intermediates.noindex/GeneratedModuleMaps-iphonesimulator/FirebaseCore.modulemap -Xcc -fmodule-map-file\=/Users/ayushyachitransh/Library/Developer/Xcode/DerivedData/bookApp-fuwvsqbobfenvpgtholzzzggmgpg/Build/Intermediates.noindex/GeneratedModuleMaps-iphonesimulator/FirebaseInstallations.modulemap -Xcc -D_LIBCPP_HARDENING_MODE\=_LIBCPP_HARDENING_MODE_DEBUG -Xcc -ivfsstatcache -Xcc /Users/ayushyachitransh/Library/Developer/Xcode/DerivedData/SDKStatCaches.noindex/iphonesimulator26.2-23C57-7d00a8b37fbd7999ea79df8ebc024bf0.sdkstatcache -Xcc -I/Users/ayushyachitransh/Library/Developer/Xcode/DerivedData/bookApp-fuwvsqbobfenvpgtholzzzggmgpg/Build/Intermediates.noindex/bookApp.build/Debug-iphonesimulator/bookApp.build/swift-overrides.hmap -Xcc -iquote -Xcc /Users/ayushyachitransh/Library/Developer/Xcode/DerivedData/bookApp-fuwvsqbobfenvpgtholzzzggmgpg/Build/Intermediates.noindex/bookApp.build/Debug-iphonesimulator/bookApp.build/bookApp-generated-files.hmap -Xcc -I/Users/ayushyachitransh/Library/Developer/Xcode/DerivedData/bookApp-fuwvsqbobfenvpgtholzzzggmgpg/Build/Intermediates.noindex/bookApp.build/Debug-iphonesimulator/bookApp.build/bookApp-own-target-headers.hmap -Xcc -I/Users/ayushyachitransh/Library/Developer/Xcode/DerivedData/bookApp-fuwvsqbobfenvpgtholzzzggmgpg/Build/Intermediates.noindex/bookApp.build/Debug-iphonesimulator/bookApp.build/bookApp-all-non-framework-target-headers.hmap -Xcc -ivfsoverlay -Xcc /Users/ayushyachitransh/Library/Developer/Xcode/DerivedData/bookApp-fuwvsqbobfenvpgtholzzzggmgpg/Build/Intermediates.noindex/bookApp.build/Debug-iphonesimulator/bookApp-4dab944c9eeeb714cc130aa1eea58108-VFS-iphonesimulator/all-product-headers.yaml -Xcc -iquote -Xcc /Users/ayushyachitransh/Library/Developer/Xcode/DerivedData/bookApp-fuwvsqbobfenvpgtholzzzggmgpg/Build/Intermediates.noindex/bookApp.build/Debug-iphonesimulator/bookApp.build/bookApp-project-headers.hmap -Xcc -I/Users/ayushyachitransh/Library/Developer/Xcode/DerivedData/bookApp-fuwvsqbobfenvpgtholzzzggmgpg/SourcePackages/checkouts/firebase-ios-sdk/FirebaseAppCheck/Sources/Public -Xcc -I/Users/ayushyachitransh/Library/Developer/Xcode/DerivedData/bookApp-fuwvsqbobfenvpgtholzzzggmgpg/SourcePackages/checkouts/GoogleAppMeasurement/GoogleAppMeasurementCoreWrapper/include -Xcc -I/Users/ayushyachitransh/Library/Developer/Xcode/DerivedData/bookApp-fuwvsqbobfenvpgtholzzzggmgpg/SourcePackages/checkouts/firebase-ios-sdk/FirebaseAnalyticsCoreWrapper/include -Xcc -I/Users/ayushyachitransh/Library/Developer/Xcode/DerivedData/bookApp-fuwvsqbobfenvpgtholzzzggmgpg/SourcePackages/checkouts/firebase-ios-sdk/SwiftPM-PlatformExclude/FirebaseAnalyticsCoreWrap/include -Xcc -I/Users/ayushyachitransh/Library/Developer/Xcode/DerivedData/bookApp-fuwvsqbobfenvpgtholzzzggmgpg/SourcePackages/checkouts/GoogleAppMeasurement/GoogleAppMeasurementIdentitySupportWrapper/include -Xcc -I/Users/ayushyachitransh/Library/Developer/Xcode/DerivedData/bookApp-fuwvsqbobfenvpgtholzzzggmgpg/SourcePackages/checkouts/firebase-ios-sdk/FirebaseAnalyticsIdentitySupportWrapper/include -Xcc -I/Users/ayushyachitransh/Library/Developer/Xcode/DerivedData/bookApp-fuwvsqbobfenvpgtholzzzggmgpg/SourcePackages/checkouts/interop-ios-for-google-sdks/RecaptchaEnterprise/RecaptchaInterop/Public -Xcc -I/Users/ayushyachitransh/Library/Developer/Xcode/DerivedData/bookApp-fuwvsqbobfenvpgtholzzzggmgpg/SourcePackages/checkouts/firebase-ios-sdk/FirebaseAuth/Sources/Public -Xcc -I/Users/ayushyachitransh/Library/Developer/Xcode/DerivedData/bookApp-fuwvsqbobfenvpgtholzzzggmgpg/SourcePackages/checkouts/AppAuth-iOS/Sources/AppAuth -Xcc -I/Users/ayushyachitransh/Library/Developer/Xcode/DerivedData/bookApp-fuwvsqbobfenvpgtholzzzggmgpg/SourcePackages/checkouts/AppAuth-iOS/Sources/AppAuthCore -Xcc -I/Users/ayushyachitransh/Library/Developer/Xcode/DerivedData/bookApp-fuwvsqbobfenvpgtholzzzggmgpg/SourcePackages/checkouts/app-check/AppCheckCore/Sources/Public -Xcc -I/Users/ayushyachitransh/Library/Developer/Xcode/DerivedData/bookApp-fuwvsqbobfenvpgtholzzzggmgpg/SourcePackages/checkouts/GoogleSignIn-iOS/GoogleSignIn/Sources/Public -Xcc -I/Users/ayushyachitransh/Library/Developer/Xcode/DerivedData/bookApp-fuwvsqbobfenvpgtholzzzggmgpg/SourcePackages/checkouts/abseil-cpp-binary/absl-Wrapper/include -Xcc -I/Users/ayushyachitransh/Library/Developer/Xcode/DerivedData/bookApp-fuwvsqbobfenvpgtholzzzggmgpg/SourcePackages/checkouts/grpc-binary/openssl-grpc-Wrapper/include -Xcc -I/Users/ayushyachitransh/Library/Developer/Xcode/DerivedData/bookApp-fuwvsqbobfenvpgtholzzzggmgpg/SourcePackages/checkouts/grpc-binary/grpc-Wrapper/include -Xcc -I/Users/ayushyachitransh/Library/Developer/Xcode/DerivedData/bookApp-fuwvsqbobfenvpgtholzzzggmgpg/SourcePackages/checkouts/grpc-binary/grpcpp-Wrapper/include -Xcc -I/Users/ayushyachitransh/Library/Developer/Xcode/DerivedData/bookApp-fuwvsqbobfenvpgtholzzzggmgpg/SourcePackages/checkouts/firebase-ios-sdk/SwiftPM-PlatformExclude/FirebaseFirestoreWrap/include -Xcc -I/Users/ayushyachitransh/Library/Developer/Xcode/DerivedData/bookApp-fuwvsqbobfenvpgtholzzzggmgpg/SourcePackages/checkouts/firebase-ios-sdk/FirebaseFirestoreInternal -Xcc -I/Users/ayushyachitransh/Library/Developer/Xcode/DerivedData/bookApp-fuwvsqbobfenvpgtholzzzggmgpg/SourcePackages/checkouts/firebase-ios-sdk/FirebaseInAppMessaging/Sources/Public -Xcc -I/Users/ayushyachitransh/Library/Developer/Xcode/DerivedData/bookApp-fuwvsqbobfenvpgtholzzzggmgpg/SourcePackages/checkouts/firebase-ios-sdk/FirebaseInAppMessaging/iOS/include -Xcc -I/Users/ayushyachitransh/Library/Developer/Xcode/DerivedData/bookApp-fuwvsqbobfenvpgtholzzzggmgpg/SourcePackages/checkouts/firebase-ios-sdk/SwiftPM-PlatformExclude/FirebaseInAppMessagingWrap/include -Xcc -I/Users/ayushyachitransh/Library/Developer/Xcode/DerivedData/bookApp-fuwvsqbobfenvpgtholzzzggmgpg/SourcePackages/checkouts/firebase-ios-sdk/FirebaseMessaging/Interop -Xcc -I/Users/ayushyachitransh/Library/Developer/Xcode/DerivedData/bookApp-fuwvsqbobfenvpgtholzzzggmgpg/SourcePackages/checkouts/google-ads-on-device-conversion-ios-sdk/GoogleAdsOnDeviceConversionWrapper/include -Xcc -I/Users/ayushyachitransh/Library/Developer/Xcode/DerivedData/bookApp-fuwvsqbobfenvpgtholzzzggmgpg/SourcePackages/checkouts/GoogleAppMeasurement/GoogleAppMeasurementWrapper/include -Xcc -I/Users/ayushyachitransh/Library/Developer/Xcode/DerivedData/bookApp-fuwvsqbobfenvpgtholzzzggmgpg/SourcePackages/checkouts/firebase-ios-sdk/FirebaseAnalyticsWrapper/include -Xcc -I/Users/ayushyachitransh/Library/Developer/Xcode/DerivedData/bookApp-fuwvsqbobfenvpgtholzzzggmgpg/SourcePackages/checkouts/firebase-ios-sdk/SwiftPM-PlatformExclude/FirebaseAnalyticsWrap/include -Xcc -I/Users/ayushyachitransh/Library/Developer/Xcode/DerivedData/bookApp-fuwvsqbobfenvpgtholzzzggmgpg/SourcePackages/checkouts/gtm-session-fetcher/Sources/Core/Public -Xcc -I/Users/ayushyachitransh/Library/Developer/Xcode/DerivedData/bookApp-fuwvsqbobfenvpgtholzzzggmgpg/SourcePackages/checkouts/firebase-ios-sdk/Crashlytics/Crashlytics/Public -Xcc -I/Users/ayushyachitransh/Library/Developer/Xcode/DerivedData/bookApp-fuwvsqbobfenvpgtholzzzggmgpg/SourcePackages/checkouts/firebase-ios-sdk/FirebaseAuth/Interop/Public -Xcc -I/Users/ayushyachitransh/Library/Developer/Xcode/DerivedData/bookApp-fuwvsqbobfenvpgtholzzzggmgpg/SourcePackages/checkouts/GoogleUtilities/GoogleUtilities/MethodSwizzler/Public -Xcc -I/Users/ayushyachitransh/Library/Developer/Xcode/DerivedData/bookApp-fuwvsqbobfenvpgtholzzzggmgpg/SourcePackages/checkouts/firebase-ios-sdk/FirebasePerformance/Sources/Public -Xcc -I/Users/ayushyachitransh/Library/Developer/Xcode/DerivedData/bookApp-fuwvsqbobfenvpgtholzzzggmgpg/SourcePackages/checkouts/firebase-ios-sdk/FirebaseSessions/SourcesObjC -Xcc -I/Users/ayushyachitransh/Library/Developer/Xcode/DerivedData/bookApp-fuwvsqbobfenvpgtholzzzggmgpg/SourcePackages/checkouts/firebase-ios-sdk/FirebaseCore/Extension -Xcc -I/Users/ayushyachitransh/Library/Developer/Xcode/DerivedData/bookApp-fuwvsqbobfenvpgtholzzzggmgpg/SourcePackages/checkouts/firebase-ios-sdk/FirebaseRemoteConfig/Sources/Public -Xcc -I/Users/ayushyachitransh/Library/Developer/Xcode/DerivedData/bookApp-fuwvsqbobfenvpgtholzzzggmgpg/SourcePackages/checkouts/firebase-ios-sdk/FirebaseABTesting/Sources/Public -Xcc -I/Users/ayushyachitransh/Library/Developer/Xcode/DerivedData/bookApp-fuwvsqbobfenvpgtholzzzggmgpg/SourcePackages/checkouts/firebase-ios-sdk/SwiftPM-PlatformExclude/FirebasePerformanceWrap/include -Xcc -I/Users/ayushyachitransh/Library/Developer/Xcode/DerivedData/bookApp-fuwvsqbobfenvpgtholzzzggmgpg/SourcePackages/checkouts/leveldb/include -Xcc -I/Users/ayushyachitransh/Library/Developer/Xcode/DerivedData/bookApp-fuwvsqbobfenvpgtholzzzggmgpg/SourcePackages/checkouts/firebase-ios-sdk/FirebaseDatabase/Sources/Public -Xcc -I/Users/ayushyachitransh/Library/Developer/Xcode/DerivedData/bookApp-fuwvsqbobfenvpgtholzzzggmgpg/SourcePackages/checkouts/firebase-ios-sdk/FirebaseAppCheck/Interop/Public -Xcc -I/Users/ayushyachitransh/Library/Developer/Xcode/DerivedData/bookApp-fuwvsqbobfenvpgtholzzzggmgpg/SourcePackages/checkouts/firebase-ios-sdk/FirebaseAppDistribution/Sources/Public -Xcc -I/Users/ayushyachitransh/Library/Developer/Xcode/DerivedData/bookApp-fuwvsqbobfenvpgtholzzzggmgpg/SourcePackages/checkouts/firebase-ios-sdk/SwiftPM-PlatformExclude/FirebaseAppDistributionWrap/include -Xcc -I/Users/ayushyachitransh/Library/Developer/Xcode/DerivedData/bookApp-fuwvsqbobfenvpgtholzzzggmgpg/SourcePackages/checkouts/GoogleUtilities/GoogleUtilities/Network/Public -Xcc -I/Users/ayushyachitransh/Library/Developer/Xcode/DerivedData/bookApp-fuwvsqbobfenvpgtholzzzggmgpg/SourcePackages/checkouts/GoogleUtilities/GoogleUtilities/AppDelegateSwizzler/Public -Xcc -I/Users/ayushyachitransh/Library/Developer/Xcode/DerivedData/bookApp-fuwvsqbobfenvpgtholzzzggmgpg/SourcePackages/checkouts/GoogleUtilities/GoogleUtilities/Reachability/Public -Xcc -I/Users/ayushyachitransh/Library/Developer/Xcode/DerivedData/bookApp-fuwvsqbobfenvpgtholzzzggmgpg/SourcePackages/checkouts/GoogleDataTransport/GoogleDataTransport/GDTCORLibrary/Public -Xcc -I/Users/ayushyachitransh/Library/Developer/Xcode/DerivedData/bookApp-fuwvsqbobfenvpgtholzzzggmgpg/SourcePackages/checkouts/nanopb/spm_headers -Xcc -I/Users/ayushyachitransh/Library/Developer/Xcode/DerivedData/bookApp-fuwvsqbobfenvpgtholzzzggmgpg/SourcePackages/checkouts/firebase-ios-sdk/FirebaseMessaging/Sources/Public -Xcc -I/Users/ayushyachitransh/Library/Developer/Xcode/DerivedData/bookApp-fuwvsqbobfenvpgtholzzzggmgpg/SourcePackages/checkouts/GoogleUtilities/GoogleUtilities/NSData+zlib/Public -Xcc -I/Users/ayushyachitransh/Library/Developer/Xcode/DerivedData/bookApp-fuwvsqbobfenvpgtholzzzggmgpg/SourcePackages/checkouts/promises/Sources/FBLPromises/include -Xcc -I/Users/ayushyachitransh/Library/Developer/Xcode/DerivedData/bookApp-fuwvsqbobfenvpgtholzzzggmgpg/SourcePackages/checkouts/GoogleUtilities/GoogleUtilities/Logger/Public -Xcc -I/Users/ayushyachitransh/Library/Developer/Xcode/DerivedData/bookApp-fuwvsqbobfenvpgtholzzzggmgpg/SourcePackages/checkouts/GoogleUtilities/GoogleUtilities/Environment/Public -Xcc -I/Users/ayushyachitransh/Library/Developer/Xcode/DerivedData/bookApp-fuwvsqbobfenvpgtholzzzggmgpg/SourcePackages/checkouts/GoogleUtilities/third_party/IsAppEncrypted/Public -Xcc -I/Users/ayushyachitransh/Library/Developer/Xcode/DerivedData/bookApp-fuwvsqbobfenvpgtholzzzggmgpg/SourcePackages/checkouts/GoogleUtilities/GoogleUtilities/UserDefaults/Public -Xcc -I/Users/ayushyachitransh/Library/Developer/Xcode/DerivedData/bookApp-fuwvsqbobfenvpgtholzzzggmgpg/SourcePackages/checkouts/firebase-ios-sdk/FirebaseCore/Sources/Public -Xcc -I/Users/ayushyachitransh/Library/Developer/Xcode/DerivedData/bookApp-fuwvsqbobfenvpgtholzzzggmgpg/SourcePackages/checkouts/firebase-ios-sdk/CoreOnly/Sources -Xcc -I/Users/ayushyachitransh/Library/Developer/Xcode/DerivedData/bookApp-fuwvsqbobfenvpgtholzzzggmgpg/SourcePackages/checkouts/firebase-ios-sdk/FirebaseInstallations/Source/Library/Public -Xcc -I/Users/ayushyachitransh/Library/Developer/Xcode/DerivedData/bookApp-fuwvsqbobfenvpgtholzzzggmgpg/Build/Products/Debug-iphonesimulator/include -Xcc -I/Users/ayushyachitransh/Library/Developer/Xcode/DerivedData/bookApp-fuwvsqbobfenvpgtholzzzggmgpg/Build/Intermediates.noindex/bookApp.build/Debug-iphonesimulator/bookApp.build/DerivedSources-normal/arm64 -Xcc -I/Users/ayushyachitransh/Library/Developer/Xcode/DerivedData/bookApp-fuwvsqbobfenvpgtholzzzggmgpg/Build/Intermediates.noindex/bookApp.build/Debug-iphonesimulator/bookApp.build/DerivedSources/arm64 -Xcc -I/Users/ayushyachitransh/Library/Developer/Xcode/DerivedData/bookApp-fuwvsqbobfenvpgtholzzzggmgpg/Build/Intermediates.noindex/bookApp.build/Debug-iphonesimulator/bookApp.build/DerivedSources -Xcc -DDEBUG\=1 -no-auto-bridging-header-chaining -module-name bookApp -frontend-parseable-output -disable-clang-spi -target-sdk-version 26.2 -target-sdk-name iphonesimulator26.2 -clang-target arm64-apple-ios26.2-simulator -in-process-plugin-server-path /Applications/Xcode.app/Contents/Developer/Toolchains/XcodeDefault.xctoolchain/usr/lib/swift/host/libSwiftInProcPluginServer.dylib -o /Users/ayushyachitransh/Library/Developer/Xcode/DerivedData/bookApp-fuwvsqbobfenvpgtholzzzggmgpg/Build/Intermediates.noindex/bookApp.build/Debug-iphonesimulator/bookApp.build/Objects-normal/arm64/GroupMembersView.o -index-unit-output-path /bookApp.build/Debug-iphonesimulator/bookApp.build/Objects-normal/arm64/GroupMembersView.o -index-store-path /Users/ayushyachitransh/Library/Developer/Xcode/DerivedData/bookApp-fuwvsqbobfenvpgtholzzzggmgpg/Index.noindex/DataStore -index-system-modules

SwiftCompile normal arm64 /Users/ayushyachitransh/development/bookstore/bookApp/bookApp/bookApp/Views/Groups/GroupMembersView.swift (in target 'bookApp' from project 'bookApp')
    cd /Users/ayushyachitransh/development/bookstore/bookApp/bookApp
    
/Users/ayushyachitransh/development/bookstore/bookApp/bookApp/bookApp/Views/Groups/GroupMembersView.swift:215:52: error: value of type 'Date' has no member 'timeAgo'
                    Text("Joined \(member.joinedAt.timeAgo())")
                                   ~~~~~~~~~~~~~~~ ^~~~~~~

SwiftCompile normal arm64 Compiling\ AppDataStore.swift,\ DiscoverGroupsView.swift /Users/ayushyachitransh/development/bookstore/bookApp/bookApp/bookApp/Utilities/AppDataStore.swift /Users/ayushyachitransh/development/bookstore/bookApp/bookApp/bookApp/Views/Groups/DiscoverGroupsView.swift (in target 'bookApp' from project 'bookApp')

SwiftCompile normal arm64 /Users/ayushyachitransh/development/bookstore/bookApp/bookApp/bookApp/Utilities/AppDataStore.swift (in target 'bookApp' from project 'bookApp')
    cd /Users/ayushyachitransh/development/bookstore/bookApp/bookApp
    

SwiftCompile normal arm64 /Users/ayushyachitransh/development/bookstore/bookApp/bookApp/bookApp/Views/Groups/DiscoverGroupsView.swift (in target 'bookApp' from project 'bookApp')
    cd /Users/ayushyachitransh/development/bookstore/bookApp/bookApp
    

SwiftCompile normal arm64 Compiling\ RequestNotificationView.swift /Users/ayushyachitransh/development/bookstore/bookApp/bookApp/bookApp/Views/RequestNotificationView.swift (in target 'bookApp' from project 'bookApp')

SwiftCompile normal arm64 /Users/ayushyachitransh/development/bookstore/bookApp/bookApp/bookApp/Views/RequestNotificationView.swift (in target 'bookApp' from project 'bookApp')
    cd /Users/ayushyachitransh/development/bookstore/bookApp/bookApp
    

SwiftCompile normal arm64 Compiling\ TransactionDetailView.swift /Users/ayushyachitransh/development/bookstore/bookApp/bookApp/bookApp/Views/Transactions/TransactionDetailView.swift (in target 'bookApp' from project 'bookApp')

SwiftCompile normal arm64 /Users/ayushyachitransh/development/bookstore/bookApp/bookApp/bookApp/Views/Transactions/TransactionDetailView.swift (in target 'bookApp' from project 'bookApp')
    cd /Users/ayushyachitransh/development/bookstore/bookApp/bookApp
    

SwiftCompile normal arm64 Compiling\ AddBookView.swift /Users/ayushyachitransh/development/bookstore/bookApp/bookApp/bookApp/Views/AddBookView.swift (in target 'bookApp' from project 'bookApp')

SwiftCompile normal arm64 /Users/ayushyachitransh/development/bookstore/bookApp/bookApp/bookApp/Views/AddBookView.swift (in target 'bookApp' from project 'bookApp')
    cd /Users/ayushyachitransh/development/bookstore/bookApp/bookApp
    

SwiftCompile normal arm64 Compiling\ NotificationService.swift,\ TransactionService.swift /Users/ayushyachitransh/development/bookstore/bookApp/bookApp/bookApp/Services/NotificationService.swift /Users/ayushyachitransh/development/bookstore/bookApp/bookApp/bookApp/Services/TransactionService.swift (in target 'bookApp' from project 'bookApp')

SwiftCompile normal arm64 /Users/ayushyachitransh/development/bookstore/bookApp/bookApp/bookApp/Services/NotificationService.swift (in target 'bookApp' from project 'bookApp')
    cd /Users/ayushyachitransh/development/bookstore/bookApp/bookApp
    

SwiftCompile normal arm64 /Users/ayushyachitransh/development/bookstore/bookApp/bookApp/bookApp/Services/TransactionService.swift (in target 'bookApp' from project 'bookApp')
    cd /Users/ayushyachitransh/development/bookstore/bookApp/bookApp
    

SwiftDriverJobDiscovery normal arm64 Compiling RequestNotificationView.swift (in target 'bookApp' from project 'bookApp')

** BUILD FAILED **


The following build commands failed:
	SwiftCompile normal arm64 Compiling\ GroupMembersView.swift /Users/ayushyachitransh/development/bookstore/bookApp/bookApp/bookApp/Views/Groups/GroupMembersView.swift (in target 'bookApp' from project 'bookApp')
	SwiftCompile normal arm64 /Users/ayushyachitransh/development/bookstore/bookApp/bookApp/bookApp/Views/Groups/GroupMembersView.swift (in target 'bookApp' from project 'bookApp')
	Building project bookApp with scheme bookApp
(3 failures)
